0.0000__64.0000, 0.2860__64.0000, 0.6507__64.0000, 1.2147__64.0000, 1.7508__64.0000, 2.2689__64.0000, 2.7912__64.0000, 3.2306__64.0000, 4.0684__64.0000, 4.9333__64.0000, 5.9408__64.0000, 6.2322__64.0000, 6.6685__64.0000, 7.4103__64.0000, 8.0898__64.0000, 8.5194__64.0000, 9.4520__64.0000, 9.9845__64.0000, 10.5919__64.0000, 11.1303__64.0000, 11.7788__64.0000, 12.2894__64.0000, 12.8580__64.0000, 13.6533__64.0000, 15.7261__64.0000, 17.7250__64.0000, 19.6150__64.0000, 21.4072__64.0000, 23.2460__64.0000, 25.1196__64.0000, 27.0188__64.0000, 28.9479__64.0000, 30.8756__64.0000, 32.8050__64.0000, 34.6572__64.0000, 36.5093__64.0000, 38.2868__64.0000, 40.0792__64.0000, 41.8111__64.0000, 43.4952__64.0000, 45.1276__64.0000, 46.7700__64.0000, 48.3294__64.0000, 49.8289__64.0000, 51.2685__64.0000, 52.6843__64.0000, 54.1252__64.0000, 55.5941__64.0000, 57.0708__64.0000, 57.9038__64.0000, 58.6433__64.0000, 59.1551__64.0000, 59.7208__64.0000, 60.0602__64.0000, 60.4379__64.0000, 60.7926__64.0000, 61.1576__64.0000, 61.5026__64.0000, 61.8416__64.0000, 62.2066__64.0000, 62.6748__64.0000, 63.0822__64.0000, 63.2876__64.0000, 63.6428__64.0000, 64.0000__64.0000, 
0.0000__63.5602, 0.2945__63.5419, 0.6484__63.5081, 1.2311__63.4734, 1.7594__63.4462, 2.2740__63.4363, 2.7903__63.4182, 3.2049__63.4063, 4.0500__63.3799, 4.9159__63.3469, 5.8992__63.4535, 6.4698__63.3280, 6.7331__63.2742, 7.2749__63.4278, 8.1921__63.3874, 8.4573__63.3354, 9.4219__63.4907, 10.0851__63.3809, 10.5452__63.4114, 11.2320__63.3940, 11.7387__63.3868, 12.2707__63.4633, 12.9492__63.4011, 13.5958__63.3302, 15.6229__63.3390, 17.6509__63.3042, 19.5620__63.2812, 21.4078__63.2694, 23.2482__63.2866, 25.1410__63.3183, 27.0275__63.3324, 28.9705__63.3368, 30.8759__63.3336, 32.8032__63.3447, 34.6571__63.3491, 36.5018__63.3468, 38.2755__63.3461, 40.0624__63.3407, 41.7915__63.3354, 43.4728__63.3320, 45.1237__63.3205, 46.7582__63.3052, 48.3201__63.2880, 49.8210__63.2728, 51.2852__63.2730, 52.7434__63.2816, 54.2174__63.2900, 55.7135__63.3327, 57.2576__63.3692, 58.0250__63.2808, 58.5231__63.3587, 59.1515__63.4403, 59.6356__63.4400, 60.0234__63.4642, 60.4044__63.4582, 60.7546__63.4551, 61.1221__63.4616, 61.4856__63.4776, 61.8918__63.4701, 62.2745__63.4246, 62.6534__63.4059, 63.0298__63.4823, 63.3475__63.4643, 63.6205__63.4144, 64.0000__63.4326, 
0.0000__63.0947, 0.3230__63.0726, 0.6581__62.9986, 1.2540__62.9203, 1.7718__62.8952, 2.2969__62.8677, 2.7616__62.8740, 3.1899__62.8676, 4.0045__62.7701, 4.8878__62.6966, 5.7718__62.7404, 6.7232__62.7305, 6.8594__62.7303, 7.2415__62.7175, 8.1483__62.8921, 8.6543__62.7948, 9.1752__62.7613, 10.2526__62.8580, 10.5406__62.7969, 11.3714__62.8426, 11.7108__62.8668, 12.4141__62.8051, 13.0590__62.7708, 13.5583__62.7379, 15.3538__62.6787, 17.4821__62.6521, 19.4841__62.5587, 21.3822__62.5337, 23.2617__62.5678, 25.1650__62.6190, 27.0701__62.6365, 28.9897__62.6556, 30.8906__62.6662, 32.8007__62.6705, 34.6528__62.6813, 36.4845__62.6812, 38.2579__62.6753, 40.0320__62.6565, 41.7429__62.6521, 43.4425__62.6414, 45.0878__62.6227, 46.7438__62.6011, 48.2885__62.5721, 49.8197__62.5527, 51.3127__62.5423, 52.8429__62.5622, 54.3391__62.6162, 55.9031__62.6705, 57.4313__62.7476, 58.0457__62.8327, 58.4399__62.8188, 58.9601__62.8023, 59.4489__62.8555, 59.8289__62.8861, 60.2492__62.9173, 60.6268__62.9079, 60.9961__62.9217, 61.4335__62.9320, 61.8637__62.9608, 62.3375__62.9313, 62.6233__62.9147, 62.9853__62.8737, 63.2970__62.9221, 63.6255__62.9213, 64.0000__62.8486, 
0.0000__62.5476, 0.3234__62.5398, 0.6950__62.4659, 1.2374__62.3737, 1.7939__62.3449, 2.3392__62.3241, 2.7191__62.3305, 3.1906__62.3207, 3.9983__62.1699, 4.7985__62.0572, 5.6260__62.0043, 6.6846__62.1417, 7.1133__62.0727, 7.3356__62.1072, 8.0084__62.2444, 8.9904__62.1820, 9.1780__62.1272, 10.2767__62.2799, 10.7940__62.1622, 11.4040__62.1970, 11.8951__62.1585, 12.5721__62.1781, 13.0477__62.2165, 13.6078__62.1283, 15.0338__62.0630, 17.2846__61.9768, 19.3835__61.8599, 21.3560__61.8155, 23.2592__61.8369, 25.1829__61.8985, 27.1036__61.9282, 29.0009__61.9572, 30.9205__61.9553, 32.7881__61.9704, 34.6588__61.9785, 36.4566__61.9799, 38.2571__61.9796, 40.0098__61.9604, 41.7122__61.9484, 43.4290__61.9368, 45.0688__61.9117, 46.7109__61.8768, 48.2671__61.8547, 49.8224__61.8298, 51.3673__61.8261, 52.8985__61.8574, 54.4632__61.9380, 56.0592__62.0140, 57.4543__62.1263, 58.0366__62.1260, 58.3740__62.1345, 58.8112__62.1903, 59.2291__62.1890, 59.7708__62.2253, 60.1266__62.1631, 60.4774__62.2088, 60.9499__62.2104, 61.3119__62.1842, 61.6584__62.1966, 61.9767__62.2796, 62.4389__62.3820, 62.9119__62.3977, 63.3100__62.3034, 63.6529__62.1819, 64.0000__62.2052, 
0.0000__62.0890, 0.3217__62.0499, 0.6831__61.9609, 1.2447__61.8484, 1.8209__61.7576, 2.3318__61.7937, 2.7773__61.7971, 3.1736__61.7361, 3.9888__61.5890, 4.5978__61.5182, 5.4566__61.4118, 6.3202__61.4598, 7.3144__61.4274, 7.4616__61.4096, 8.1114__61.4656, 9.0495__61.5848, 9.4465__61.4694, 10.1701__61.5286, 11.0598__61.4863, 11.4297__61.5375, 12.1643__61.4765, 12.4834__61.5406, 13.0032__61.6360, 13.6860__61.5350, 14.6931__61.4698, 17.1070__61.3454, 19.2390__61.1619, 21.3036__61.1040, 23.2671__61.1086, 25.1895__61.1698, 27.1168__61.2098, 29.0083__61.2301, 30.9294__61.2594, 32.7944__61.2580, 34.6548__61.2722, 36.4547__61.2776, 38.2497__61.2649, 40.0013__61.2623, 41.7155__61.2363, 43.4120__61.2165, 45.0733__61.1968, 46.6760__61.1631, 48.2856__61.1240, 49.8471__61.0960, 51.4462__61.1214, 53.0122__61.1673, 54.6240__61.2777, 56.2938__61.4074, 57.5404__61.5285, 58.1458__61.5825, 58.3764__61.5697, 58.9183__61.6306, 59.3955__61.5721, 59.7998__61.5159, 59.9462__61.5377, 60.1585__61.6025, 60.7505__61.7690, 61.3309__61.6872, 61.4552__61.4770, 61.4982__61.3746, 62.1445__61.3133, 62.7779__61.3662, 63.5730__61.5267, 63.7040__61.5897, 64.0000__61.5878, 
0.0000__61.6015, 0.3290__61.5775, 0.6875__61.4426, 1.2457__61.2571, 1.8202__61.2098, 2.3581__61.1876, 2.8230__61.2252, 3.2242__61.2591, 3.9243__61.1272, 4.4323__61.0019, 5.1033__60.9676, 6.0568__60.8373, 7.2172__60.8421, 7.6754__60.7699, 8.0597__60.7872, 8.9388__60.9567, 9.7738__60.7906, 10.0341__60.8213, 10.9811__60.8892, 11.3783__60.9215, 12.1171__60.9749, 12.4469__61.0339, 12.9907__60.9490, 13.6751__61.0416, 14.7121__60.9244, 17.0030__60.6427, 19.1741__60.5062, 21.2617__60.3789, 23.2636__60.3765, 25.1825__60.4327, 27.1133__60.4825, 29.0167__60.5143, 30.9300__60.5263, 32.8126__60.5459, 34.6447__60.5518, 36.4631__60.5558, 38.2426__60.5491, 39.9962__60.5288, 41.7164__60.5165, 43.3930__60.4900, 45.0569__60.4688, 46.6875__60.4243, 48.2872__60.3848, 49.8931__60.3847, 51.4546__60.4001, 53.0255__60.4867, 54.6180__60.5714, 56.2217__60.8031, 57.5580__60.9410, 58.1022__60.9585, 58.3554__60.9652, 58.8629__60.9244, 59.3343__60.9225, 59.6027__60.9496, 59.7893__60.8963, 60.0835__60.7436, 60.6490__60.5714, 61.2125__60.6767, 61.3794__60.6961, 61.6329__60.4923, 62.2229__60.3616, 62.8912__60.4740, 63.4909__60.8815, 63.7360__61.1437, 64.0000__61.1300, 
0.0000__61.1078, 0.3253__61.0529, 0.7116__60.9120, 1.2522__60.7487, 1.8008__60.6316, 2.3638__60.6565, 2.9093__60.6220, 3.2546__60.6705, 3.9236__60.6493, 4.3421__60.6374, 4.7663__60.5999, 5.7453__60.3653, 6.7664__60.3267, 7.8848__60.1568, 8.0650__60.1522, 8.7524__60.1964, 9.7633__60.2354, 10.0786__60.2316, 10.7558__60.2702, 11.3307__60.2732, 11.9687__60.2934, 12.4798__60.3072, 13.1317__60.3398, 13.5916__60.2783, 14.8756__60.2074, 17.0560__60.0113, 19.2489__59.7743, 21.2737__59.6624, 23.2529__59.6484, 25.1927__59.6919, 27.0977__59.7384, 29.0316__59.7650, 30.9396__59.7851, 32.8175__59.8055, 34.6474__59.8220, 36.4669__59.8187, 38.2477__59.8090, 39.9980__59.8019, 41.7039__59.7779, 43.3918__59.7510, 45.0583__59.7143, 46.7162__59.6918, 48.2941__59.6517, 49.8692__59.6395, 51.3869__59.6903, 52.9298__59.7393, 54.4632__59.8676, 56.0377__60.0555, 57.4506__60.2131, 58.0213__60.2968, 58.3206__60.2353, 58.7651__60.2313, 59.2582__60.2763, 59.6725__60.2121, 60.0678__60.1917, 60.4577__60.1722, 60.8284__60.1912, 61.1231__60.0957, 61.5207__59.9483, 62.0047__59.9289, 62.4770__59.9136, 63.0058__60.1075, 63.3881__60.3169, 63.7051__60.4085, 64.0000__60.4214, 
0.0000__60.5641, 0.3169__60.5283, 0.7326__60.3901, 1.2409__60.2075, 1.8034__60.1239, 2.3611__60.0525, 2.9343__60.1665, 3.2717__60.2069, 3.8560__60.2707, 4.3520__60.3832, 4.7392__60.2719, 5.3213__60.0815, 6.3343__59.7660, 7.7184__59.7488, 8.2848__59.5190, 8.6472__59.5073, 9.4504__59.6680, 10.1849__59.5771, 10.5602__59.7083, 11.4443__59.5716, 11.7966__59.7081, 12.5961__59.6397, 13.0050__59.6872, 13.6582__59.7031, 14.6307__59.5972, 17.0728__59.3233, 19.2436__59.0489, 21.3118__58.9141, 23.2628__58.8848, 25.1881__58.9556, 27.1024__58.9985, 29.0298__59.0145, 30.9477__59.0340, 32.8261__59.0607, 34.6496__59.0726, 36.4703__59.0790, 38.2650__59.0667, 39.9902__59.0472, 41.7113__59.0307, 43.4019__58.9940, 45.0756__58.9689, 46.7205__58.9345, 48.3004__58.9016, 49.8216__58.8928, 51.3587__58.9167, 52.9158__59.0149, 54.4715__59.1598, 56.0856__59.3667, 57.4690__59.5382, 58.0702__59.5552, 58.3936__59.5628, 58.8763__59.6020, 59.4343__59.6165, 59.8317__59.6597, 60.2166__59.6395, 60.5845__59.5611, 60.8970__59.4646, 61.3045__59.4632, 61.7893__59.4374, 62.2252__59.4806, 62.6335__59.5606, 63.0304__59.6735, 63.3839__59.7723, 63.6678__59.7651, 64.0000__59.7457, 
0.0000__60.1069, 0.3039__59.9969, 0.7425__59.8214, 1.2579__59.6580, 1.8212__59.5275, 2.3455__59.5264, 2.8967__59.5119, 3.2786__59.6498, 4.0682__59.6878, 4.7023__59.6844, 5.1809__59.8094, 5.3216__59.7632, 5.9967__59.5040, 6.8474__59.4096, 8.3117__59.0778, 8.5717__59.0315, 9.1460__59.0760, 10.1003__59.0291, 10.4175__59.0520, 11.3257__59.0847, 11.7434__59.0499, 12.4449__59.0661, 12.9154__59.1496, 13.5634__59.1467, 14.5765__59.0429, 16.9911__58.6098, 19.1790__58.3483, 21.2729__58.1587, 23.2574__58.1394, 25.1999__58.1863, 27.1130__58.2370, 29.0395__58.2591, 30.9544__58.2716, 32.8256__58.3078, 34.6626__58.3154, 36.4742__58.2978, 38.2642__58.3170, 40.0001__58.3007, 41.7176__58.2594, 43.4246__58.2475, 45.0961__58.2111, 46.7244__58.1740, 48.2892__58.1319, 49.8322__58.1192, 51.3991__58.1681, 52.9840__58.2691, 54.5651__58.4715, 56.1945__58.7030, 57.5815__58.9744, 58.2016__59.0170, 58.3992__58.9430, 58.9873__59.0054, 59.4197__58.9923, 59.8620__58.9501, 60.1482__58.8412, 60.4416__58.8454, 60.9591__58.9425, 61.4965__58.8790, 61.8961__58.8816, 62.2996__58.9320, 62.6417__58.9835, 63.0377__59.0522, 63.3879__59.0885, 63.6646__59.0450, 64.0000__59.0034, 
0.0000__59.5777, 0.3336__59.4686, 0.7341__59.2232, 1.2772__59.0347, 1.8345__58.9734, 2.3292__58.9420, 2.8790__58.9608, 3.2453__58.8574, 4.5134__58.6939, 5.5873__58.5532, 5.9168__58.8454, 5.8835__59.1720, 5.9265__59.2473, 6.4336__59.1753, 7.7604__58.7988, 8.6971__58.6106, 9.0240__58.4322, 9.8570__58.5036, 10.3852__58.4700, 11.0411__58.5238, 11.8401__58.4862, 12.2909__58.4885, 12.8729__58.5242, 13.4828__58.5545, 14.8123__58.2912, 17.0489__57.9306, 19.2194__57.6120, 21.2219__57.4252, 23.2683__57.3509, 25.2037__57.4175, 27.1439__57.4631, 29.0563__57.4807, 30.9639__57.5020, 32.8293__57.5260, 34.6837__57.5276, 36.4880__57.5304, 38.2498__57.5326, 40.0223__57.5217, 41.7244__57.4954, 43.4281__57.4640, 45.0957__57.4440, 46.7177__57.3963, 48.2873__57.3515, 49.8742__57.3442, 51.4362__57.3922, 53.0074__57.5380, 54.5435__57.7201, 56.1064__58.0161, 57.5705__58.2831, 58.2193__58.4040, 58.4970__58.4033, 59.0346__58.3618, 59.5064__58.3599, 59.8897__58.2948, 60.0582__58.2064, 60.2854__58.1124, 60.9799__58.2173, 61.6825__58.3865, 61.9121__58.3972, 62.2273__58.4488, 62.5810__58.5333, 62.9877__58.5943, 63.3805__58.6293, 63.4502__58.4590, 64.0000__58.5841, 
0.0000__58.9957, 0.3130__58.8835, 0.7362__58.6433, 1.2746__58.4314, 1.8376__58.3568, 2.3603__58.3560, 2.7527__58.3525, 3.5837__58.1184, 4.8203__57.3199, 5.9118__57.2053, 6.5094__57.5307, 6.7982__58.0041, 6.5500__58.5065, 6.6732__58.7120, 7.3858__58.4636, 8.7408__58.0803, 9.1458__57.9660, 9.4608__58.0196, 10.4897__57.9881, 10.8341__57.9260, 11.7600__57.9008, 12.2061__57.9606, 12.9428__57.8404, 13.5042__57.7149, 14.8340__57.6013, 17.2181__57.1537, 19.3127__56.8147, 21.3186__56.6264, 23.2820__56.5655, 25.2278__56.6099, 27.1799__56.6565, 29.0754__56.6969, 30.9808__56.7105, 32.8392__56.7225, 34.7059__56.7385, 36.4858__56.7546, 38.2718__56.7472, 40.0065__56.7258, 41.7400__56.7064, 43.4129__56.6785, 45.0804__56.6337, 46.6975__56.5893, 48.3005__56.5468, 49.8790__56.5491, 51.4202__56.6223, 52.9480__56.7407, 54.4813__56.9685, 56.0707__57.2663, 57.5917__57.5857, 58.1852__57.6900, 58.5615__57.6818, 59.0050__57.7478, 59.5172__57.7440, 59.8136__57.7074, 60.1160__57.6474, 60.5080__57.5627, 61.1104__57.6158, 61.6283__57.8564, 61.9448__57.9298, 62.2043__57.7924, 62.5222__57.7117, 62.9650__57.8360, 63.2417__57.8664, 63.3160__57.2518, 64.0000__56.6269, 
0.0000__58.5002, 0.3117__58.3627, 0.7237__58.0539, 1.2801__57.7845, 1.8261__57.6977, 2.3612__57.7002, 2.5898__57.4566, 4.2314__56.8623, 5.1348__56.4325, 5.7603__56.3165, 6.6930__56.3618, 7.2962__56.9464, 7.4361__57.2907, 7.2183__57.7396, 7.7188__57.8080, 8.5954__57.6451, 9.3217__57.5124, 9.4936__57.4440, 10.4216__57.4196, 10.8698__57.3841, 11.6168__57.3317, 12.1864__57.2957, 12.9622__57.2340, 13.4424__57.2560, 14.6467__56.9682, 17.1515__56.4520, 19.3381__56.0188, 21.3843__55.7953, 23.3238__55.7568, 25.2681__55.7965, 27.1827__55.8474, 29.1076__55.8881, 30.9926__55.9107, 32.8671__55.9150, 34.7015__55.9395, 36.5052__55.9574, 38.2657__55.9435, 40.0233__55.9250, 41.7248__55.8907, 43.4186__55.8604, 45.0714__55.8189, 46.7104__55.7856, 48.3209__55.7445, 49.8696__55.7470, 51.4060__55.8072, 52.9602__55.9663, 54.5586__56.2233, 56.2316__56.6402, 57.7389__56.9465, 58.2802__57.0639, 58.4782__57.0322, 58.8985__56.9844, 59.4022__57.0170, 59.8081__57.0089, 60.2595__57.0196, 60.7126__57.0929, 61.1080__57.1734, 61.4773__57.1907, 61.8363__57.1339, 62.2319__57.1488, 62.5182__57.1638, 62.8718__57.2873, 63.0985__57.0847, 63.5025__56.5246, 64.0000__56.3650, 
0.0000__57.9491, 0.3012__57.7834, 0.7139__57.4328, 1.2712__57.1278, 1.8110__57.0124, 2.3402__57.0442, 2.6583__56.4737, 4.4377__55.4250, 5.2228__55.4037, 5.5860__55.7234, 6.4356__55.6907, 7.2089__55.7896, 7.9964__56.3307, 7.9505__56.6714, 8.0137__57.0357, 8.6813__56.9905, 9.6207__56.7187, 9.8637__56.7339, 10.2945__56.8477, 11.1721__56.6585, 11.5059__56.7014, 12.3856__56.6506, 12.7864__56.6431, 13.3961__56.6729, 14.7246__56.3102, 17.0806__55.6929, 19.2915__55.2519, 21.3789__54.9647, 23.3589__54.8965, 25.2848__54.9735, 27.2164__55.0171, 29.1180__55.0553, 31.0207__55.0895, 32.8840__55.1079, 34.7085__55.1302, 36.5119__55.1317, 38.2744__55.1029, 40.0259__55.0883, 41.7311__55.0671, 43.4264__55.0302, 45.0737__54.9925, 46.7218__54.9456, 48.3104__54.9043, 49.8886__54.9205, 51.4516__55.0095, 53.0326__55.1883, 54.6657__55.5155, 56.2963__55.9213, 57.7425__56.3795, 58.2582__56.4183, 58.4699__56.3178, 58.9146__56.3607, 59.4002__56.3539, 59.8628__56.4337, 60.3255__56.4959, 60.7037__56.4713, 61.0188__56.4088, 61.3790__56.4116, 61.7937__56.4806, 62.2222__56.4767, 62.5438__56.5274, 62.8523__56.5335, 63.1805__56.3959, 63.5291__56.0569, 64.0000__55.8283, 
0.0000__57.3980, 0.2842__57.2171, 0.7294__56.8197, 1.2703__56.4561, 1.7995__56.3128, 2.2665__56.3267, 2.7918__55.8492, 4.1005__55.0173, 5.1510__54.8058, 5.4921__55.1215, 6.0685__55.2370, 6.9077__55.1213, 7.7522__55.3727, 8.4732__55.5801, 8.3328__56.0824, 8.8509__56.2094, 9.6604__56.1355, 10.3164__55.8863, 10.5643__55.9553, 11.3172__56.0821, 11.6944__56.0014, 12.3199__56.0708, 12.7907__56.1257, 13.3124__55.9841, 14.8579__55.5212, 17.1436__54.9294, 19.3174__54.4330, 21.3695__54.1295, 23.3570__54.0549, 25.3063__54.1127, 27.2331__54.1832, 29.1341__54.2202, 31.0374__54.2479, 32.9017__54.2773, 34.7189__54.2901, 36.5288__54.2770, 38.2843__54.2552, 40.0323__54.2453, 41.7445__54.2177, 43.4246__54.1761, 45.0806__54.1379, 46.7319__54.0996, 48.3221__54.0596, 49.9172__54.0806, 51.5044__54.1929, 53.0438__54.4011, 54.6148__54.7217, 56.1803__55.1783, 57.6534__55.5040, 58.2787__55.7355, 58.5396__55.7020, 58.9627__55.6451, 59.4232__55.7063, 59.8986__55.7068, 60.2730__55.6440, 60.5522__55.6344, 60.9837__55.7308, 61.4257__55.7132, 61.7671__55.6867, 62.0082__55.7149, 62.3864__55.7569, 62.7987__55.7508, 63.2052__55.6174, 63.5710__55.3729, 64.0000__55.3283, 
0.0000__56.8770, 0.2936__56.6255, 0.7507__56.1579, 1.2777__55.7993, 1.8053__55.6528, 2.3206__55.6121, 2.8298__55.4990, 3.7353__54.9223, 4.8882__54.4727, 5.4170__54.5912, 5.8439__54.8166, 6.5358__54.7883, 7.2813__54.6725, 8.4596__54.8334, 8.8072__54.9896, 8.9175__55.3930, 9.5422__55.4359, 10.5272__55.2048, 10.7913__55.1778, 11.3195__55.2792, 11.9042__55.3420, 12.2677__55.4130, 12.8706__55.4154, 13.4231__55.2886, 14.7248__54.8402, 17.1809__54.1516, 19.3351__53.5791, 21.3952__53.2896, 23.3660__53.1845, 25.3242__53.2554, 27.2401__53.3101, 29.1648__53.3550, 31.0571__53.3761, 32.9196__53.4161, 34.7324__53.4220, 36.5559__53.4201, 38.3038__53.4103, 40.0466__53.3886, 41.7709__53.3570, 43.4376__53.3165, 45.1092__53.2818, 46.7417__53.2331, 48.3484__53.2056, 49.9352__53.2344, 51.4864__53.3588, 52.9989__53.5664, 54.5487__53.9137, 56.1708__54.3637, 57.6343__54.7967, 58.1986__54.9584, 58.5823__54.9458, 59.0002__55.0186, 59.5413__55.0993, 60.0399__55.1405, 60.3088__55.1021, 60.5743__55.0542, 61.0713__55.0807, 61.5063__55.1893, 61.6963__55.1017, 61.7489__54.7656, 62.1817__54.5013, 62.6748__54.4242, 63.3637__54.6606, 63.6486__54.7516, 64.0000__54.7211, 
0.0000__56.1999, 0.2917__55.9248, 0.7579__55.4485, 1.2930__55.1074, 1.8549__54.9431, 2.3952__54.9304, 2.8042__54.9700, 3.5807__54.6601, 4.4487__54.3293, 5.3480__54.2745, 5.6719__54.3932, 6.1894__54.5631, 6.9548__54.3475, 7.8254__54.2008, 9.0749__54.1183, 9.0726__54.4451, 9.4886__54.6333, 10.4443__54.5756, 11.0871__54.4193, 11.3130__54.5495, 12.0033__54.5556, 12.3233__54.6546, 13.1088__54.6090, 13.5765__54.5245, 14.6704__54.1912, 17.1117__53.3811, 19.3018__52.7694, 21.4047__52.3953, 23.3874__52.3057, 25.3328__52.3692, 27.2702__52.4247, 29.1749__52.4623, 31.0851__52.5026, 32.9294__52.5334, 34.7660__52.5384, 36.5610__52.5510, 38.3379__52.5437, 40.0692__52.5035, 41.7821__52.4770, 43.4747__52.4490, 45.1445__52.4062, 46.7675__52.3715, 48.3660__52.3445, 49.9241__52.3658, 51.4492__52.4826, 53.0151__52.7313, 54.5885__53.0974, 56.2078__53.6467, 57.7321__54.1435, 58.3038__54.2706, 58.6465__54.3150, 59.1150__54.4510, 59.6935__54.5953, 60.0922__54.6744, 60.4184__54.6981, 60.7918__54.6846, 61.2020__54.7369, 61.4802__54.6982, 61.6423__54.3324, 61.8070__53.6593, 62.1599__53.2852, 62.7370__53.3590, 63.2933__53.8514, 63.6508__54.2837, 64.0000__54.3507, 
0.0000__55.5456, 0.3045__55.2481, 0.7913__54.7442, 1.3334__54.3991, 1.8923__54.2593, 2.4369__54.2701, 2.8928__54.2781, 3.5005__54.1584, 4.4377__53.8403, 5.2125__53.7693, 5.8543__53.9582, 6.0408__54.1344, 6.6328__54.2322, 7.4819__53.7437, 8.7569__53.4450, 9.5215__53.4945, 9.5376__53.7843, 10.1595__53.8719, 11.2031__53.6726, 11.4677__53.6753, 11.9681__53.9052, 12.4770__53.8374, 13.0681__53.8216, 13.5498__53.8751, 14.8713__53.3605, 17.0647__52.6038, 19.3055__51.9340, 21.3731__51.5249, 23.3999__51.4063, 25.3459__51.4697, 27.2832__51.5350, 29.2024__51.5653, 31.0887__51.5968, 32.9601__51.6356, 34.7810__51.6431, 36.5801__51.6538, 38.3594__51.6347, 40.0868__51.6162, 41.8133__51.5870, 43.5051__51.5512, 45.1631__51.5194, 46.7754__51.4845, 48.3715__51.4394, 49.9144__51.4675, 51.4809__51.6087, 53.0557__51.8762, 54.6427__52.3038, 56.2601__52.8783, 57.8589__53.6080, 58.4745__53.7999, 58.7059__53.7866, 59.2174__53.9023, 59.6816__53.9442, 60.0895__53.9763, 60.4714__53.9696, 60.8087__54.0061, 61.0889__53.9674, 61.3072__53.6283, 61.4941__53.1894, 61.8696__52.9069, 62.2672__52.7711, 62.7928__52.9776, 63.2742__53.3766, 63.6265__53.5740, 64.0000__53.5853, 
0.0000__54.8518, 0.3057__54.5145, 0.8192__53.9657, 1.3753__53.6466, 1.9418__53.5233, 2.5344__53.4761, 2.9217__53.5596, 3.5874__53.2165, 4.5845__52.7335, 5.3789__52.6794, 6.0956__53.2174, 6.2123__53.6200, 6.3816__53.7575, 7.2861__53.5021, 8.3419__52.8391, 9.5959__52.6663, 9.8089__52.9073, 10.0246__53.1594, 10.8692__53.2245, 11.6938__52.9745, 11.9480__53.0519, 12.6200__53.1280, 12.9305__53.2485, 13.6162__53.0156, 14.8056__52.5600, 17.1911__51.7624, 19.3307__51.0340, 21.3988__50.6356, 23.3935__50.4996, 25.3590__50.5667, 27.2887__50.6200, 29.2266__50.6626, 31.1005__50.6889, 32.9863__50.7156, 34.7948__50.7348, 36.6032__50.7307, 38.3700__50.7307, 40.1200__50.7077, 41.8377__50.6751, 43.5342__50.6566, 45.1687__50.6165, 46.7962__50.5615, 48.3738__50.5243, 49.9635__50.5749, 51.5121__50.7277, 53.0774__51.0230, 54.6291__51.4662, 56.3012__52.1386, 57.9151__52.7610, 58.5286__53.2369, 58.8402__53.2032, 59.1612__53.1712, 59.5862__53.2372, 59.9721__53.3203, 60.4436__53.3634, 60.7784__53.0211, 60.9237__52.6794, 61.1023__52.5571, 61.5017__52.4478, 61.9335__52.2792, 62.4118__52.3383, 62.9146__52.5399, 63.3065__52.8269, 63.6177__52.8759, 64.0000__52.8442, 
0.0000__54.1174, 0.3117__53.7304, 0.8220__53.1383, 1.4131__52.8336, 2.0004__52.7250, 2.5635__52.7946, 2.8963__52.7776, 3.8428__52.2699, 4.7721__51.6092, 5.7809__51.3320, 6.3337__51.7401, 6.7166__52.6650, 6.5759__53.2317, 6.9998__53.1866, 8.2245__52.3763, 9.1888__52.0309, 10.2582__51.9498, 10.1995__52.4049, 10.5977__52.5807, 11.5390__52.3731, 11.9109__52.4236, 12.5774__52.4281, 13.0262__52.3713, 13.6840__52.3249, 14.6716__51.9405, 17.1788__50.9009, 19.3823__50.1208, 21.4287__49.7139, 23.4216__49.5827, 25.3688__49.6372, 27.3302__49.6767, 29.2272__49.7189, 31.1371__49.7542, 32.9904__49.7857, 34.8267__49.8074, 36.6171__49.7986, 38.3857__49.7878, 40.1407__49.7676, 41.8474__49.7454, 43.5433__49.7203, 45.1921__49.6833, 46.8128__49.6336, 48.4084__49.6134, 49.9889__49.6627, 51.5134__49.8196, 53.0407__50.1217, 54.6572__50.6427, 56.3454__51.3774, 57.9164__52.1022, 58.4018__52.3065, 58.7102__52.3626, 59.0259__52.3819, 59.4485__52.4651, 59.8517__52.2278, 59.8304__51.8939, 59.6293__51.5709, 60.2950__51.7263, 61.1924__51.6587, 61.5670__51.5780, 62.0344__51.7094, 62.4876__51.7292, 62.9313__51.9110, 63.3407__52.0459, 63.6613__51.9876, 64.0000__51.9183, 
0.0000__53.3928, 0.3215__52.9859, 0.8555__52.3316, 1.4506__51.9650, 2.0340__51.8991, 2.5914__51.9777, 3.0084__51.9341, 3.8758__51.4945, 5.0437__50.8021, 5.7558__50.5492, 6.5698__50.5873, 7.0356__51.2421, 7.2516__52.1511, 7.0763__52.5401, 7.8539__52.1442, 9.0788__51.4020, 10.2369__51.1645, 10.6683__51.2893, 10.7566__51.6950, 11.2735__51.9478, 12.0016__51.7126, 12.4788__51.7325, 13.2846__51.5281, 13.6529__51.4971, 14.9149__51.0611, 17.1992__50.0188, 19.3734__49.2263, 21.4689__48.7658, 23.4645__48.6211, 25.4090__48.6723, 27.3556__48.7229, 29.2511__48.7631, 31.1580__48.7965, 33.0079__48.8278, 34.8514__48.8454, 36.6305__48.8480, 38.4093__48.8384, 40.1614__48.8187, 41.8691__48.7897, 43.5488__48.7628, 45.2344__48.7408, 46.8301__48.7028, 48.4350__48.6760, 49.9820__48.7191, 51.5161__48.9079, 53.0891__49.2519, 54.6703__49.8042, 56.3172__50.5940, 57.8202__51.3464, 58.3807__51.6337, 58.5484__51.5670, 58.9031__51.5760, 59.2980__51.4983, 59.2337__51.1041, 58.5562__49.9277, 58.1029__48.6410, 59.8856__48.9401, 61.3617__50.1239, 61.6391__50.7574, 62.1843__50.7040, 62.4991__50.6355, 62.9184__50.6344, 63.4670__50.8954, 63.7724__51.0819, 64.0000__51.0865, 
0.0000__52.6754, 0.3043__52.2483, 0.9041__51.5736, 1.4773__51.2300, 2.0688__51.1394, 2.6431__51.2084, 3.0648__51.2185, 3.8910__50.5391, 5.1669__49.8931, 5.6471__49.9072, 6.5285__49.8537, 7.2907__49.8955, 7.7532__50.7318, 7.7358__51.6277, 7.6850__51.8461, 8.8197__51.0577, 9.8529__50.5762, 11.0675__50.3123, 11.0502__50.6690, 11.3346__51.0451, 12.0637__51.0519, 12.3618__51.0071, 13.2774__50.8088, 13.6468__50.6779, 15.4588__49.8846, 17.3920__48.9986, 19.4797__48.2778, 21.5065__47.7896, 23.4975__47.6412, 25.4609__47.6920, 27.3767__47.7439, 29.2725__47.7945, 31.1698__47.8295, 33.0369__47.8551, 34.8587__47.8776, 36.6600__47.8801, 38.4278__47.8581, 40.1818__47.8499, 41.8917__47.8299, 43.5881__47.7979, 45.2398__47.7734, 46.8571__47.7486, 48.4431__47.7136, 49.9924__47.7734, 51.5573__47.9594, 53.0839__48.3291, 54.6305__48.8977, 56.1475__49.6653, 57.6768__50.4688, 58.2243__50.7509, 58.3747__50.7499, 58.6527__50.6101, 58.5749__50.0377, 58.1018__48.9370, 57.9158__47.6238, 58.3589__47.0727, 60.0722__47.4432, 61.1174__48.6118, 61.8651__49.2780, 62.2595__49.5454, 62.5410__49.4313, 62.9240__49.4427, 63.4104__49.8640, 63.7197__50.3415, 64.0000__50.5150, 
0.0000__52.0181, 0.3216__51.5288, 0.9096__50.7916, 1.4892__50.4652, 2.0962__50.3834, 2.6718__50.4559, 3.1178__50.4358, 3.8844__49.7691, 5.0808__49.2105, 5.5815__49.4123, 6.3276__49.3241, 7.2082__49.2016, 7.9227__49.2311, 8.4454__50.1421, 8.2558__50.9791, 8.4622__50.9531, 9.6746__50.0525, 10.7852__49.6689, 11.6966__49.5565, 11.6525__49.9083, 12.0768__50.2620, 12.6842__50.1487, 13.1040__50.0974, 13.8235__49.6068, 15.5661__48.7827, 17.7288__47.9253, 19.6766__47.1647, 21.5881__46.7827, 23.5533__46.6237, 25.4797__46.6824, 27.4000__46.7589, 29.2856__46.7984, 31.1807__46.8313, 33.0571__46.8743, 34.8833__46.8898, 36.6731__46.8840, 38.4581__46.8805, 40.2024__46.8617, 41.9278__46.8387, 43.6077__46.8205, 45.2466__46.7969, 46.8685__46.7626, 48.4532__46.7344, 50.0185__46.7989, 51.5655__47.0072, 53.0574__47.3658, 54.5530__47.9483, 56.0988__48.7391, 57.5395__49.5251, 58.0098__49.8159, 58.0863__49.5159, 57.8674__48.7996, 57.6231__47.8621, 57.7354__47.1016, 58.4835__46.7239, 59.6339__47.0685, 60.6292__47.7768, 61.2767__48.3648, 61.7673__48.6283, 62.2517__48.7522, 62.5832__48.7274, 62.9739__48.8555, 63.3465__49.2553, 63.6726__49.5119, 64.0000__49.5420, 
0.0000__51.3057, 0.3367__50.7714, 0.9185__50.0373, 1.5129__49.7264, 2.1217__49.6355, 2.7155__49.7229, 3.1800__49.8304, 3.9231__49.2356, 4.8868__48.7691, 5.5054__48.8166, 6.1605__48.9187, 6.9710__48.6837, 7.9299__48.4627, 8.5899__48.5616, 9.1219__49.4704, 8.8011__50.2480, 9.3399__49.8942, 10.4296__49.1864, 11.6408__48.7886, 12.0477__48.8853, 12.2292__49.1622, 12.7864__49.3494, 13.1055__49.2795, 13.8982__48.8652, 15.3581__48.1323, 17.8007__46.8642, 19.8084__46.0709, 21.7062__45.6996, 23.5847__45.5935, 25.5068__45.6466, 27.4103__45.7103, 29.3138__45.7779, 31.1853__45.8138, 33.0694__45.8553, 34.9073__45.8913, 36.6964__45.8794, 38.4812__45.8608, 40.2290__45.8487, 41.9575__45.8469, 43.6277__45.8279, 45.2527__45.7906, 46.8755__45.7560, 48.4580__45.7402, 50.0442__45.8257, 51.5558__46.0136, 53.0759__46.3862, 54.5676__47.0020, 56.1053__47.8727, 57.2226__48.3865, 57.4069__48.2126, 57.3171__47.5863, 57.3511__46.9743, 57.7756__46.4480, 58.6592__46.3987, 59.6841__46.7740, 60.4475__47.2814, 61.0105__47.6328, 61.4193__47.8277, 61.8775__47.9507, 62.2693__47.9918, 62.6419__48.0149, 63.0092__48.2670, 63.3697__48.5526, 63.6486__48.6408, 64.0000__48.6683, 
0.0000__50.5476, 0.3203__50.0432, 0.9354__49.2956, 1.5328__49.0013, 2.1452__48.9356, 2.7356__49.0460, 3.1672__49.2480, 3.8770__49.0307, 4.6727__48.6205, 5.6294__48.3326, 6.0038__48.3771, 6.7487__48.3269, 7.6287__48.0541, 8.6372__47.7108, 9.3241__47.8295, 9.6992__48.7696, 9.3971__49.5046, 9.9930__49.1573, 11.1591__48.4928, 12.3364__47.8868, 12.4097__48.2207, 12.8091__48.5519, 13.4159__48.4063, 13.8602__48.1829, 15.4866__47.2776, 17.7137__45.8841, 19.7864__45.0153, 21.7418__44.5997, 23.6276__44.5154, 25.5035__44.5743, 27.4212__44.6490, 29.3135__44.7253, 31.1980__44.7765, 33.0830__44.8060, 34.9170__44.8403, 36.7211__44.8394, 38.5026__44.8289, 40.2635__44.8237, 41.9658__44.8149, 43.6387__44.8006, 45.2706__44.7738, 46.8941__44.7497, 48.4762__44.7368, 50.0574__44.8160, 51.5947__45.0379, 53.1280__45.4063, 54.5893__46.0125, 55.9108__46.7395, 56.9064__47.0391, 57.1419__46.7394, 57.3480__46.1666, 57.9372__45.8249, 58.7048__45.9619, 59.6199__46.3148, 60.2512__46.5926, 60.6394__46.7410, 61.0926__46.9691, 61.5539__47.0349, 61.9085__47.0813, 62.2910__47.1534, 62.5661__47.2159, 63.0198__47.4920, 63.3772__47.6857, 63.6970__47.6209, 64.0000__47.4153, 
0.0000__49.9513, 0.3404__49.3896, 0.9175__48.5156, 1.5224__48.2471, 2.1508__48.1957, 2.7664__48.2984, 3.1865__48.5525, 3.8621__48.5115, 4.6506__48.0249, 5.4974__47.8988, 6.1516__47.9924, 6.5851__47.8681, 7.3423__47.6062, 8.3784__47.1613, 9.4943__46.6978, 10.1239__47.0776, 10.2165__48.0029, 10.0069__48.6796, 10.8612__48.0142, 11.9892__47.4875, 12.7904__47.2388, 13.0266__47.4139, 13.5753__47.5238, 13.9425__47.2445, 15.9110__45.9940, 17.8779__44.7319, 19.8102__43.9557, 21.7405__43.4791, 23.6225__43.3993, 25.4930__43.4909, 27.3963__43.5696, 29.2960__43.6676, 31.2067__43.7203, 33.0957__43.7550, 34.9266__43.7897, 36.7543__43.7838, 38.5259__43.7716, 40.2880__43.7871, 41.9900__43.7783, 43.6494__43.7517, 45.2831__43.7354, 46.9072__43.7198, 48.5055__43.7187, 50.0892__43.8180, 51.6294__44.0481, 53.1691__44.4338, 54.6028__44.9714, 55.8779__45.5067, 56.9188__45.7192, 57.5431__45.4841, 58.0449__45.3141, 58.6473__45.4754, 59.4635__45.7944, 60.0772__46.0128, 60.4075__46.0124, 60.6720__46.0006, 61.1737__46.1282, 61.6841__46.2962, 61.9330__46.2984, 62.1785__46.1853, 62.6099__46.2161, 63.1304__46.3314, 63.3912__46.4389, 63.6749__46.4559, 64.0000__46.5208, 
0.0000__49.2959, 0.3545__48.6443, 0.8415__47.8061, 1.5589__47.4169, 2.1617__47.3190, 2.8174__47.3889, 3.2013__47.5379, 3.9617__47.2991, 4.7653__46.8816, 5.5822__46.6363, 6.2794__47.2625, 6.6656__47.5653, 7.1683__47.2745, 8.1051__46.6028, 9.3283__45.9531, 10.3112__45.5752, 10.8894__46.3267, 10.7249__47.2268, 10.8227__47.3948, 11.6625__47.0439, 12.8228__46.4186, 13.2245__46.3686, 13.6588__46.4410, 14.2385__46.0339, 15.9094__44.7911, 17.7856__43.7591, 19.9633__42.7486, 21.7507__42.3000, 23.6039__42.2446, 25.4669__42.3554, 27.3517__42.4829, 29.2646__42.5761, 31.2137__42.6455, 33.0998__42.6949, 34.9549__42.7118, 36.7769__42.7132, 38.5635__42.7182, 40.3013__42.7099, 42.0084__42.7081, 43.6651__42.6935, 45.2901__42.6725, 46.9151__42.6722, 48.5286__42.6955, 50.1101__42.8118, 51.6467__43.0481, 53.1753__43.4353, 54.6648__43.9572, 56.1067__44.4596, 57.4907__44.8338, 58.1202__44.9200, 58.5690__44.9443, 59.1366__45.0622, 59.7470__45.3653, 60.1946__45.5434, 60.5050__45.5632, 60.8599__45.5382, 61.3138__45.6752, 61.7032__45.8406, 62.0427__45.7389, 62.2792__45.4088, 62.7264__45.3502, 63.0863__45.6822, 63.3958__45.8541, 63.6470__45.7365, 64.0000__45.6540, 
0.0000__48.6465, 0.4069__48.1651, 0.8695__47.1822, 1.5461__46.6329, 2.1714__46.4771, 2.7792__46.5828, 3.3174__46.4833, 4.1852__46.0526, 4.9820__45.6337, 5.8307__45.3268, 6.4195__45.6255, 6.9099__46.7590, 7.2088__47.0352, 7.9227__46.2860, 9.0009__45.4997, 10.2039__44.8838, 11.0093__44.7489, 11.6122__45.5072, 11.4023__46.2472, 11.6723__46.2970, 12.5555__45.9059, 13.5023__45.3995, 13.8167__45.3085, 14.5546__45.0773, 15.6586__44.4129, 17.2090__43.1970, 19.3161__41.8933, 21.4704__41.1725, 23.4320__41.0653, 25.3730__41.2036, 27.2846__41.3623, 29.2401__41.4743, 31.1927__41.5540, 33.1225__41.6218, 34.9833__41.6302, 36.8087__41.6231, 38.5877__41.6180, 40.3213__41.6206, 42.0208__41.6100, 43.6797__41.6023, 45.2989__41.6098, 46.9322__41.6109, 48.5099__41.6426, 50.1057__41.7837, 51.6583__42.0444, 53.2052__42.4423, 54.7324__42.9707, 56.2938__43.5879, 57.8871__44.2155, 58.4424__44.3592, 58.8483__44.4503, 59.2977__44.6224, 59.7414__44.6976, 60.1476__44.7539, 60.5579__44.7679, 60.9549__44.8587, 61.3016__44.9705, 61.6725__44.8910, 61.9417__44.7065, 62.3931__44.6439, 62.7544__44.8539, 63.1164__45.2167, 63.4147__45.3498, 63.7156__45.2725, 64.0000__45.1590, 
0.0000__48.0883, 0.3871__47.5720, 0.8463__46.5502, 1.5486__45.9528, 2.1540__45.8162, 2.7882__45.6247, 3.2969__45.4917, 4.6626__44.8698, 5.2778__44.5110, 5.8941__44.3813, 6.7009__44.4218, 7.1477__44.9513, 7.5894__46.1434, 8.0290__46.1656, 8.6397__45.3723, 9.8398__44.4892, 11.0284__43.8380, 11.7647__43.8598, 12.2758__44.5970, 12.0153__45.4276, 12.4020__45.3170, 13.4503__44.7179, 14.1824__44.3544, 14.7664__44.2069, 15.5224__43.8669, 16.6163__43.2221, 18.2122__42.0637, 20.4090__40.6336, 22.7323__40.0867, 25.0311__40.0721, 27.1654__40.2371, 29.1986__40.3900, 31.1883__40.4678, 33.1359__40.5141, 35.0280__40.5214, 36.8414__40.5050, 38.6121__40.5059, 40.3536__40.4960, 42.0399__40.4954, 43.6942__40.5084, 45.3166__40.5157, 46.9154__40.5461, 48.5130__40.6002, 50.0966__40.7361, 51.6688__41.0359, 53.2109__41.4579, 54.7584__42.0057, 56.3637__42.6767, 57.9321__43.5245, 58.6673__43.9057, 58.8837__43.8227, 59.2411__43.8594, 59.6888__43.9047, 60.1257__43.9485, 60.5053__44.0533, 60.9178__44.0922, 61.2214__43.9451, 61.4772__43.8580, 61.9481__43.8581, 62.4076__44.1265, 62.8255__44.5850, 63.1556__44.8542, 63.4136__44.8922, 63.7275__44.8324, 64.0000__44.8112, 
0.0000__47.3437, 0.4066__46.9498, 0.8730__46.0830, 1.4974__45.4399, 2.1524__45.2166, 2.8096__45.0296, 3.3008__44.1387, 4.6361__43.3976, 5.4287__43.6841, 5.8983__43.7398, 6.7769__43.5209, 7.4462__43.7223, 7.8327__44.2199, 8.3062__45.2632, 8.7395__45.2477, 9.3927__44.3952, 10.7573__43.4469, 11.7716__42.9092, 12.5601__43.0279, 12.8403__43.7169, 12.7432__44.3630, 13.3265__44.1852, 14.3630__43.4479, 14.9282__43.2243, 15.8384__42.9493, 16.5489__42.5192, 17.6561__41.9332, 19.2649__40.9411, 21.3688__39.8805, 24.2656__39.2269, 26.9378__39.1504, 29.1423__39.3134, 31.2104__39.3997, 33.1803__39.3971, 35.0778__39.3824, 36.8792__39.3722, 38.6496__39.3475, 40.3855__39.3624, 42.0723__39.3789, 43.7105__39.3969, 45.3233__39.4357, 46.9005__39.4646, 48.4981__39.5224, 50.0656__39.6998, 51.6158__39.9870, 53.1401__40.4046, 54.7068__41.0004, 56.3292__41.8098, 57.9566__42.5253, 58.6503__42.9203, 58.8174__42.9611, 59.1864__42.9944, 59.6878__43.0825, 60.0908__43.1433, 60.3704__43.0703, 60.5920__42.8965, 60.9560__42.9259, 61.4485__42.8517, 61.7839__42.9241, 62.5037__43.6396, 62.8579__44.1499, 63.1771__44.4067, 63.4734__44.4068, 63.7373__44.3599, 64.0000__44.3472, 
0.0000__46.6228, 0.3678__46.3762, 0.9145__45.6289, 1.4539__44.9773, 2.1494__44.7347, 2.7218__44.5102, 3.4925__43.5049, 4.6848__42.4003, 5.4548__42.7779, 5.8954__43.2516, 6.7555__42.9452, 7.4907__42.8038, 8.2231__42.9603, 8.6210__43.2731, 9.0723__44.2614, 9.5065__44.2602, 10.2261__43.3784, 11.5098__42.5363, 12.5269__41.9986, 13.3721__42.2281, 13.4844__42.7224, 13.5853__43.0890, 14.3638__42.8371, 15.1646__42.2800, 15.9702__41.9455, 16.8986__41.6775, 17.7189__41.2911, 19.0021__40.6568, 20.5885__39.7155, 23.3731__38.6253, 26.6403__38.2195, 29.1122__38.2577, 31.2722__38.3158, 33.2642__38.2901, 35.1455__38.2587, 36.9482__38.2086, 38.6910__38.1867, 40.4225__38.2000, 42.0864__38.2287, 43.7110__38.2671, 45.2909__38.3011, 46.8813__38.3615, 48.4333__38.4413, 49.9929__38.6104, 51.4917__38.9054, 53.0476__39.3591, 54.6642__40.0088, 56.3435__40.9313, 57.9845__41.7549, 58.4106__42.0830, 58.7686__42.1423, 59.1922__42.2075, 59.7353__42.3647, 60.0636__42.3526, 60.3101__42.1981, 60.4898__41.8581, 60.8127__41.6241, 61.5421__41.8281, 61.8629__42.0282, 62.5959__42.8059, 62.8686__43.4416, 63.1960__43.6265, 63.5123__43.7910, 63.7782__43.8581, 64.0000__43.8847, 
0.0000__46.0508, 0.3808__45.7588, 0.8935__45.0851, 1.4748__44.4319, 2.0965__44.0840, 2.7145__43.9044, 3.4812__43.2293, 4.5709__42.1264, 5.3656__42.2109, 5.9255__42.7067, 6.6084__42.6249, 7.4366__42.3136, 8.2690__42.0362, 9.0405__42.0418, 9.4965__42.2706, 9.9207__43.2281, 10.2898__43.2330, 11.0744__42.3438, 12.3953__41.4567, 13.1569__41.1719, 14.1374__41.2875, 14.1425__41.7063, 14.4320__41.9811, 15.4063__41.5683, 16.2656__40.9092, 17.0619__40.4616, 18.2309__40.0467, 19.3237__39.6196, 20.7639__38.9952, 22.9804__38.0705, 26.4837__37.3736, 29.1579__37.2311, 31.3952__37.2348, 33.3899__37.1672, 35.2488__37.0835, 37.0190__37.0324, 38.7507__37.0047, 40.4489__37.0217, 42.0900__37.0591, 43.6919__37.1004, 45.2671__37.1685, 46.8339__37.2436, 48.3702__37.3340, 49.8873__37.5137, 51.4263__37.8273, 53.0227__38.3312, 54.6333__39.0636, 56.2603__39.9139, 57.7068__40.8097, 58.3904__41.2788, 58.8217__41.3556, 59.2158__41.4551, 59.6695__41.5899, 60.0426__41.5890, 60.2947__41.3564, 60.6095__41.1614, 60.9981__41.1799, 61.5646__41.3932, 61.9879__41.6750, 62.5846__42.2539, 62.9162__42.7522, 63.2283__42.9947, 63.5184__43.1489, 63.7876__43.3913, 64.0000__43.4952, 
0.0000__45.3515, 0.4434__45.0896, 0.8997__44.5158, 1.5199__43.8929, 2.1109__43.5732, 2.7643__43.3239, 3.4139__42.9013, 4.4995__41.8688, 5.2564__41.7125, 5.9065__42.2937, 6.5169__42.2931, 7.3541__41.8408, 8.1582__41.4611, 9.2433__40.9018, 10.0312__40.7884, 10.4498__41.0859, 10.8155__42.1483, 11.2321__42.1422, 11.9122__41.3405, 13.1120__40.5885, 13.9397__40.3454, 14.8058__40.3070, 14.8671__40.5584, 15.6026__40.3689, 16.4678__40.0141, 17.3992__39.5842, 18.4573__38.9655, 19.7273__38.4655, 21.2707__37.9555, 23.2650__37.3181, 26.5260__36.5312, 29.3628__36.2351, 31.6009__36.1030, 33.5634__35.9989, 35.3776__35.9100, 37.1122__35.8237, 38.8094__35.7979, 40.4698__35.8197, 42.0856__35.8628, 43.6632__35.9320, 45.2314__36.0088, 46.7640__36.0965, 48.2919__36.2110, 49.8293__36.4101, 51.3822__36.7684, 52.9088__37.2748, 54.4234__37.9334, 55.9467__38.8142, 57.5241__39.7213, 58.4756__40.2848, 58.7899__40.5372, 59.1594__40.6847, 59.5482__40.7129, 59.9870__40.7005, 60.3446__40.6610, 60.7679__40.7579, 61.2567__40.9449, 61.7145__41.1667, 62.1699__41.6092, 62.5893__42.0473, 62.8943__42.1763, 63.2176__42.2887, 63.5125__42.6588, 63.7651__42.9738, 64.0000__43.1006, 
0.0000__44.3586, 0.4236__44.2150, 0.9543__43.8156, 1.5408__43.3218, 2.1881__42.9555, 2.8045__42.8091, 3.4009__42.3617, 4.2904__41.4876, 5.2756__41.1894, 5.8823__41.7823, 6.6003__41.9114, 7.2916__41.5886, 8.1925__40.8988, 9.1524__40.2425, 10.1776__39.7327, 10.9565__39.6379, 11.3119__39.9956, 11.6621__41.0433, 11.9951__41.1754, 12.6990__40.3651, 13.8365__39.7258, 14.7530__39.4680, 15.5157__39.3399, 15.7604__39.3471, 16.7559__38.7806, 17.7090__38.2526, 18.7463__37.8756, 19.9759__37.3168, 21.7137__36.7883, 24.1135__36.2552, 26.9616__35.6050, 29.7747__35.1084, 31.8985__34.9018, 33.7776__34.7542, 35.5099__34.6424, 37.2094__34.5778, 38.8540__34.5606, 40.4764__34.5892, 42.0543__34.6460, 43.6249__34.7198, 45.1597__34.8148, 46.6812__34.9351, 48.1989__35.0639, 49.7120__35.2928, 51.1986__35.6472, 52.6909__36.1230, 54.2210__36.8236, 55.9378__37.8678, 57.6988__38.9723, 58.4145__39.5487, 58.6408__39.6813, 59.0293__39.7357, 59.4850__39.8397, 60.0422__40.0047, 60.4787__40.1348, 60.9398__40.3365, 61.4483__40.6334, 61.8882__40.9798, 62.3181__41.4615, 62.6369__41.6784, 62.9255__41.7575, 63.1978__41.9554, 63.5303__42.2475, 63.7328__42.5592, 64.0000__42.6845, 
0.0000__43.4554, 0.5584__43.2530, 1.0099__42.9429, 1.7149__42.4950, 2.2145__42.2481, 2.8204__42.1585, 3.4737__41.7011, 4.2703__40.7721, 5.2671__40.1835, 5.9379__40.6544, 6.7710__41.3482, 7.3538__41.2790, 8.1632__40.6573, 9.1239__39.8717, 10.0262__39.2232, 11.0980__38.7127, 11.8701__38.6264, 12.2261__38.9197, 12.5191__39.9483, 12.7586__40.1427, 13.5146__39.4112, 14.6557__38.6564, 15.5422__38.3330, 16.1028__38.2350, 16.8299__37.9404, 17.7872__37.5355, 18.9403__36.7190, 20.2093__36.1467, 22.1421__35.3328, 25.1830__34.6823, 28.0172__34.1961, 30.4017__33.7864, 32.2927__33.5258, 33.9634__33.4085, 35.6715__33.3291, 37.2610__33.2696, 38.8893__33.2872, 40.4569__33.3097, 42.0113__33.3764, 43.5646__33.4777, 45.0665__33.6015, 46.5726__33.7405, 48.0554__33.9035, 49.5203__34.1261, 51.0204__34.4674, 52.5698__35.0293, 54.2958__35.8706, 55.9747__37.0783, 57.7356__38.1753, 58.1898__38.7200, 58.5428__38.8260, 58.9510__38.8770, 59.5706__39.1457, 60.1399__39.3980, 60.5961__39.6691, 61.0652__39.9306, 61.5525__40.3051, 62.0205__40.7568, 62.3869__41.1029, 62.6813__41.2580, 62.9065__41.3145, 63.2419__41.5061, 63.5140__41.8304, 63.7554__42.0089, 64.0000__42.0183, 
0.0000__41.6452, 0.5084__41.8429, 1.1542__41.7447, 1.7109__41.5939, 2.3232__41.5886, 2.8825__41.4584, 3.4976__41.2346, 4.3327__40.2057, 5.4328__39.4376, 6.3231__39.2665, 6.9638__39.5092, 7.6570__40.3353, 8.2361__40.4573, 9.1646__39.5398, 9.9566__38.9135, 11.0227__38.0929, 11.8849__37.7916, 12.6708__37.7397, 13.1595__37.8767, 13.3846__38.8205, 13.5691__39.0595, 14.4283__38.1502, 15.5318__37.4170, 16.5021__36.9546, 17.1558__36.6492, 17.9363__36.2885, 18.9590__35.8661, 20.3522__34.9430, 22.4100__33.7546, 26.1040__32.4644, 29.1629__32.2228, 31.2237__32.0851, 32.5075__31.9864, 34.1863__31.9767, 35.7362__31.9147, 37.3152__31.9353, 38.8837__31.9359, 40.4352__32.0139, 41.9703__32.1038, 43.4710__32.2251, 44.9614__32.3665, 46.4141__32.5161, 47.8832__32.6926, 49.3655__32.9429, 50.9178__33.3673, 52.5169__33.9608, 54.1027__34.8813, 55.7967__35.9390, 57.2482__37.0985, 58.0508__37.7763, 58.5247__37.9128, 58.9830__38.1712, 59.6440__38.5854, 60.2075__38.9450, 60.6850__39.1713, 61.1162__39.4758, 61.6103__39.9252, 62.0798__40.4001, 62.4044__40.7164, 62.6761__40.8441, 62.9325__40.8669, 63.2190__41.0424, 63.5079__41.3106, 63.7937__41.4284, 64.0000__41.4525, 
0.0000__40.8897, 0.7325__40.6811, 1.2370__40.7220, 1.8502__40.8045, 2.3479__40.8030, 2.8902__40.8958, 3.6249__40.4912, 4.3783__39.4905, 5.6277__38.3878, 6.6204__38.0770, 7.4953__37.9612, 7.9789__38.2452, 8.5721__38.8923, 9.2177__39.2181, 10.1518__38.5387, 10.8960__37.8058, 11.8887__37.3234, 12.8041__36.7383, 13.6314__36.5652, 14.1252__36.7229, 14.3318__37.5585, 14.4598__37.8368, 15.3265__36.8151, 16.4661__36.0436, 17.5156__35.4761, 18.1827__35.1707, 19.1860__34.6264, 20.5520__33.7540, 22.6625__32.1095, 26.2963__30.3523, 29.7191__30.1027, 31.5728__30.5804, 32.7871__30.5916, 34.2222__30.4668, 35.8108__30.5068, 37.3189__30.5018, 38.8624__30.6079, 40.3830__30.6795, 41.8812__30.7944, 43.3475__30.9202, 44.8049__31.0773, 46.2552__31.2593, 47.6910__31.4590, 49.1639__31.7563, 50.6778__32.2004, 52.2021__32.8008, 53.6786__33.5351, 55.2694__34.7062, 57.0541__35.8991, 58.0409__36.5507, 58.4904__37.2154, 59.0083__37.5617, 59.6022__37.9144, 60.2015__38.3092, 60.6803__38.6437, 61.1480__38.9213, 61.5752__39.3323, 62.0443__39.8519, 62.4092__40.1743, 62.6833__40.2745, 62.9349__40.3001, 63.2100__40.4284, 63.5145__40.6391, 63.7723__40.8540, 64.0000__40.9344, 
0.0000__38.8958, 0.7021__39.4075, 1.3432__39.7654, 1.8923__39.9622, 2.3940__40.0731, 3.0953__39.7336, 3.7281__39.4554, 4.7046__38.5995, 5.9321__37.3776, 6.8433__36.8670, 7.6462__36.7316, 8.3222__36.9017, 8.8809__37.1590, 9.4954__37.2507, 10.2689__37.5534, 11.0654__37.5373, 11.9380__36.7396, 12.8492__36.2021, 13.7732__35.6724, 14.6281__35.4628, 15.1535__35.5637, 15.1734__36.2885, 15.3512__36.4121, 16.2175__35.4360, 17.3373__34.6828, 18.5181__33.9016, 19.5596__33.2851, 21.0212__32.3083, 23.0654__30.6936, 26.1691__29.0935, 29.4792__28.6349, 31.5111__29.1722, 33.0092__29.3400, 34.4290__29.1199, 35.7935__29.0113, 37.3082__29.1203, 38.7834__29.1802, 40.2894__29.3150, 41.7671__29.4356, 43.2097__29.5821, 44.6428__29.7422, 46.0576__29.9380, 47.4575__30.1824, 48.8742__30.4867, 50.3117__30.9447, 51.8839__31.6187, 53.5975__32.4628, 55.3019__33.7607, 57.1919__35.4925, 57.9311__36.1261, 58.4038__36.4986, 58.9459__36.8580, 59.4747__37.1238, 60.0384__37.5014, 60.5679__37.8689, 61.0666__38.2652, 61.5078__38.6134, 61.9652__39.0101, 62.3492__39.4240, 62.6435__39.6458, 62.9025__39.6848, 63.1860__39.7851, 63.5064__40.0135, 63.7456__40.2459, 64.0000__40.3423, 
0.0000__38.2732, 0.6274__38.3585, 1.4321__38.8546, 1.9006__38.9730, 2.6261__38.5353, 3.4404__38.3175, 4.1163__38.0616, 5.2185__37.2146, 6.1167__36.4365, 6.9809__36.1708, 7.7812__35.8521, 8.5692__35.6225, 9.2823__35.5997, 10.0423__35.6956, 10.7130__35.5791, 11.5319__35.7659, 12.2346__36.0390, 13.0442__35.6900, 13.9285__35.0831, 14.7374__34.6848, 15.4534__34.6194, 15.6528__34.8761, 15.8758__35.1976, 16.1545__35.1110, 17.0452__34.2691, 18.3702__33.1756, 19.9915__31.7885, 21.6800__30.3848, 23.6146__29.1862, 26.3741__28.0638, 29.2415__27.5535, 31.4399__27.7844, 33.0827__27.7182, 34.6380__27.6562, 35.8531__27.6082, 37.2228__27.6157, 38.7237__27.8024, 40.1741__27.9011, 41.6596__28.0692, 43.0908__28.2114, 44.4707__28.3934, 45.8714__28.6150, 47.2713__28.8580, 48.6985__29.2264, 50.3437__29.9141, 52.2275__30.8996, 54.1014__31.7757, 55.2933__32.9502, 57.1778__34.8125, 57.8688__35.5121, 58.2582__35.7503, 58.7554__35.8725, 59.1729__36.2191, 59.8578__36.5458, 60.3267__36.8821, 60.8960__37.2841, 61.3753__37.7637, 61.8590__38.2869, 62.2622__38.6631, 62.5692__38.8532, 62.8346__38.8897, 63.1670__38.9914, 63.4884__39.2835, 63.7296__39.5696, 64.0000__39.6537, 
0.0000__37.2296, 0.7735__37.4132, 1.4303__37.5646, 2.1337__37.3576, 2.7186__36.1783, 4.5167__35.5717, 5.0422__35.9321, 5.7442__35.7220, 6.2508__35.4410, 7.0845__35.3115, 8.0444__34.9485, 8.7436__34.4960, 9.4551__34.1866, 10.5793__33.7784, 11.3407__33.7785, 12.0954__33.7946, 12.9361__33.9998, 13.5500__34.5664, 14.1412__34.6796, 14.7814__34.3504, 15.4152__34.1891, 15.8334__34.2803, 16.0400__34.4792, 16.3993__34.4125, 17.0012__33.9010, 18.3686__32.4595, 20.1748__30.3604, 22.1900__28.8989, 24.2335__27.7904, 26.6888__26.9027, 29.2963__26.4995, 31.4882__26.4338, 33.2543__26.3459, 34.7697__26.2094, 36.0438__26.1670, 37.2185__26.2079, 38.5781__26.3469, 40.1001__26.5738, 41.5454__26.6688, 42.9507__26.8800, 44.4032__27.0515, 45.7943__27.2891, 47.3538__27.7516, 49.1882__28.3454, 51.0657__29.5236, 53.5128__30.7915, 54.4634__31.6565, 55.3669__32.6085, 57.0064__33.8573, 57.6773__34.7443, 58.2064__35.0150, 58.5419__35.2431, 58.9750__35.3014, 59.4324__35.5588, 60.0711__35.9386, 60.6329__36.3172, 61.2272__36.8157, 61.7320__37.4081, 62.1894__37.9153, 62.5036__38.1639, 62.7960__38.1322, 63.0717__38.1986, 63.4537__38.5902, 63.7123__38.8057, 64.0000__38.8401, 
0.0000__35.7517, 0.7279__35.8875, 1.6021__36.2547, 2.2082__35.8805, 3.3071__33.0411, 4.7546__32.5217, 5.4493__34.2202, 5.9767__34.8274, 6.3859__34.6829, 7.4790__34.2566, 8.1085__34.0311, 8.9244__33.6927, 9.4790__33.0609, 10.7597__32.3935, 11.5227__32.1072, 12.3215__31.7117, 13.8677__31.7799, 14.6150__32.5311, 14.6600__33.5995, 15.0227__33.8672, 15.4918__33.7056, 15.9484__33.7084, 16.3195__33.7320, 16.6984__33.6402, 17.1604__32.9867, 18.6711__31.2178, 20.6103__29.0494, 22.4587__27.5305, 24.7587__26.4446, 26.9949__25.7710, 29.4850__25.3483, 31.5790__25.2013, 33.5250__25.0367, 35.0794__24.8107, 36.3111__24.7148, 37.1757__24.8162, 38.4760__25.0600, 40.0428__25.1857, 41.5635__25.4021, 43.1112__25.5543, 44.4582__25.7100, 46.1560__26.3985, 48.3524__27.1302, 50.1587__28.2618, 52.8134__29.9710, 54.1035__30.9998, 54.9014__31.9467, 55.8218__32.6744, 56.7348__33.3626, 57.6311__34.0797, 58.0603__34.3962, 58.3462__34.4039, 58.7230__34.4680, 59.1544__34.5657, 59.6683__34.7220, 60.3809__35.2518, 61.0815__35.8743, 61.5595__36.5025, 62.0858__37.0619, 62.4357__37.3157, 62.7475__37.3900, 63.0670__37.4652, 63.3862__37.7708, 63.7211__38.0211, 64.0000__38.0028, 
0.0000__34.6222, 0.7674__34.6108, 1.7120__34.7130, 2.4049__33.9446, 4.1694__31.1110, 4.7677__30.7001, 5.6715__32.8562, 6.0770__34.0164, 6.8131__33.7551, 7.5959__33.2487, 8.2198__33.1912, 8.9601__32.9703, 9.5953__32.3093, 10.5566__31.2772, 11.6773__30.6490, 12.4223__29.4141, 14.4629__28.0341, 15.7732__29.2037, 15.6145__31.3239, 15.7882__32.4768, 16.0557__32.8471, 16.1650__33.0313, 16.5043__33.0723, 16.8826__32.8129, 17.4616__32.0966, 18.9492__30.1709, 20.9374__27.8207, 22.9660__26.3167, 24.9606__25.3874, 27.2724__24.8765, 29.8260__24.4851, 31.9089__23.9601, 33.8419__23.7081, 35.5081__23.6352, 36.5849__23.6081, 37.2842__23.6754, 38.4361__23.6732, 40.0554__24.0565, 41.8602__24.2329, 43.7384__24.7361, 45.0456__25.0777, 47.2403__25.8685, 49.1663__27.0959, 50.7518__28.4513, 53.5461__30.1931, 54.2251__30.9684, 55.0601__31.6129, 55.7096__32.1293, 56.4016__32.7388, 57.3272__33.3213, 57.7683__33.6062, 58.0821__33.6776, 58.3739__33.6645, 58.9852__33.6342, 59.4474__33.8821, 60.0197__34.4017, 60.7398__35.1152, 61.4789__35.5416, 61.8377__36.1293, 62.3327__36.4802, 62.6531__36.5593, 63.0329__36.6945, 63.3644__36.9403, 63.7015__37.0873, 64.0000__37.1678, 
0.0000__32.7520, 1.1748__32.4719, 2.0063__32.7930, 2.8510__32.4859, 4.3979__30.4311, 4.9654__30.3644, 5.8724__32.0795, 6.2571__32.7120, 7.2101__32.6384, 7.7387__32.4488, 8.4216__32.4177, 8.9199__32.3978, 9.5906__31.8612, 10.5568__30.4801, 11.4166__29.8003, 12.7505__28.4282, 14.2452__26.8121, 15.8887__27.0123, 16.8358__28.3996, 17.1156__29.5202, 17.0011__31.0747, 16.6555__32.0805, 16.8435__32.1949, 17.2569__31.9579, 17.8346__31.2281, 19.3147__28.8897, 21.2617__26.5905, 23.4981__25.1245, 25.2788__24.4115, 27.7375__23.9615, 30.3270__23.6342, 32.5837__22.9465, 34.1877__22.6817, 35.9473__22.7918, 36.9781__22.7484, 38.0109__22.7745, 38.7851__22.7081, 40.7746__23.0149, 42.5993__23.3545, 44.4180__24.2682, 46.1456__24.9136, 47.5425__25.7093, 48.8576__26.5948, 50.1097__27.5166, 52.9833__29.2452, 53.9586__30.2425, 54.5624__30.7410, 55.2693__31.2747, 56.0004__31.8557, 56.7739__32.4518, 57.3010__32.7404, 57.5410__32.6739, 57.8289__32.5117, 58.3026__32.8090, 59.3436__33.0672, 59.7484__33.2754, 60.2262__33.6141, 61.0853__34.5400, 61.7467__35.1296, 62.1519__35.4651, 62.5956__35.6722, 62.9114__35.8213, 63.3130__36.0156, 63.6832__36.1779, 64.0000__36.2262, 
0.0000__30.4064, 0.9744__30.6605, 2.4472__31.0120, 3.4122__30.8346, 4.5958__30.0424, 5.2333__30.1742, 6.0632__31.0952, 6.7894__31.6152, 7.4366__31.4852, 7.9665__31.5218, 8.5650__31.6143, 8.9902__31.7206, 9.5699__31.4663, 10.4389__30.1460, 11.3606__29.1002, 12.6561__27.6102, 14.0774__26.2976, 15.6133__25.6373, 17.2753__26.2647, 17.9292__27.2978, 17.8865__28.6901, 17.3579__30.5734, 17.4624__30.8941, 18.0026__30.4640, 18.3969__29.7328, 19.7379__27.5347, 21.8238__25.4447, 23.9423__23.9334, 25.7279__23.1556, 27.9558__23.0017, 31.1794__22.5332, 33.1273__22.0426, 34.5486__21.9139, 36.1987__22.1614, 37.6247__22.2125, 38.7284__22.2872, 40.1530__22.3181, 41.7903__22.5089, 43.4225__23.4025, 45.0987__24.1501, 46.3798__24.7842, 47.2649__25.2256, 48.2201__25.7319, 49.1978__26.5474, 50.9796__27.5016, 52.0268__28.0695, 53.5445__29.2759, 54.6568__30.1623, 55.5427__30.9086, 56.1873__31.3895, 56.6399__31.5742, 56.9363__31.4858, 57.2337__31.4136, 57.6145__31.3357, 58.0763__31.5147, 59.0181__31.9752, 59.7607__32.2104, 60.6074__32.8056, 61.5177__33.9136, 62.0083__34.6969, 62.4587__34.9088, 62.8045__35.0362, 63.2340__34.9865, 63.6145__35.0132, 64.0000__35.0843, 
0.0000__28.4831, 1.0022__27.8680, 2.7024__28.6983, 3.5513__29.3579, 5.0191__29.0885, 5.4931__29.6264, 6.4381__30.1483, 7.0031__30.3484, 7.6503__30.6675, 8.1442__30.7982, 8.5541__31.0827, 9.2297__31.1305, 9.7477__30.5776, 10.4031__29.7146, 11.4291__27.9981, 12.5433__26.9827, 13.8845__26.1492, 15.6405__24.9799, 17.0889__24.9410, 18.1376__25.6113, 18.6742__26.9524, 18.1524__28.4696, 18.3083__28.6377, 18.9922__28.1000, 19.2766__27.9128, 20.2558__26.4345, 22.5284__23.9208, 24.3825__22.6872, 26.1062__22.0274, 28.3344__20.9878, 31.1980__21.2958, 33.5284__21.6705, 34.8006__21.6027, 36.3218__21.6553, 37.9158__21.9015, 39.4246__21.9454, 41.3157__22.2467, 42.3656__22.5810, 43.8406__23.2461, 45.1679__23.9109, 46.0688__24.3355, 46.9478__24.6620, 47.4204__24.8247, 48.0896__25.0832, 48.9600__25.4798, 48.8477__25.2348, 51.3384__26.2347, 53.9064__28.7381, 55.0835__29.9202, 55.6853__30.4181, 56.1749__30.5501, 56.4580__30.4115, 56.6787__30.1875, 57.1554__29.9760, 57.2055__29.4045, 57.6097__28.6974, 59.0920__29.1248, 60.3405__31.5660, 61.1756__32.7707, 61.9041__33.7388, 62.3393__34.1723, 62.6693__33.9999, 62.9148__33.6264, 63.4839__33.3821, 64.0000__33.2317, 
0.0000__26.1795, 1.1498__25.5934, 2.8036__25.8600, 4.1165__26.5283, 5.4343__27.5236, 5.9416__27.8465, 6.9483__28.3417, 7.3638__28.6547, 7.9187__28.8316, 8.6544__29.2844, 8.9575__29.3422, 9.5942__29.7127, 9.9344__29.8861, 10.5298__28.7406, 11.6592__27.1797, 12.4822__26.3592, 13.9078__25.6154, 15.6397__24.5962, 16.7693__24.3027, 18.4693__24.3803, 19.0074__25.2453, 18.9803__26.7936, 19.3071__26.9859, 19.7447__26.5591, 20.0148__26.3277, 20.8795__24.5820, 23.0223__22.5368, 25.0352__21.6823, 26.5187__20.7173, 28.5189__20.1659, 31.0534__20.3191, 33.1547__20.8009, 35.0321__21.2012, 36.1132__21.1925, 37.8260__21.4590, 39.4564__21.6897, 41.5849__22.0778, 42.4705__22.4330, 43.7992__22.9776, 44.8764__23.4158, 45.7624__23.8550, 46.4229__24.0857, 46.8587__24.0862, 47.1647__24.0847, 47.4003__23.6149, 47.5335__22.9333, 50.3585__24.1364, 52.8693__26.7204, 54.6185__29.0421, 55.3165__29.3213, 55.7215__29.5248, 56.0235__29.5212, 56.5117__29.3784, 56.7607__29.0302, 57.1030__28.4147, 57.4287__27.8178, 58.7297__28.6801, 60.0207__30.4429, 61.0003__32.2075, 61.5828__32.7647, 62.0570__33.0022, 62.3094__32.7462, 62.4686__31.6582, 63.0722__30.4194, 64.0000__30.1457, 
0.0000__24.1339, 1.2248__23.3632, 3.0270__23.4350, 4.6657__24.3191, 5.6677__25.5043, 6.1627__25.4604, 7.2129__25.9786, 7.7190__26.3169, 8.3889__26.2044, 9.0841__26.7944, 9.4576__27.3477, 9.8836__27.1390, 10.5709__27.5928, 10.9544__27.4314, 11.8521__26.3952, 12.6625__25.2846, 14.2555__24.3469, 16.0449__23.9560, 16.9782__23.2425, 18.3612__23.2199, 19.0722__24.1208, 19.3762__24.9355, 19.8446__25.0699, 20.1764__24.9666, 20.4480__24.6560, 21.5417__23.2754, 23.2911__21.6372, 25.5383__20.2664, 26.7229__19.9722, 28.7214__19.5642, 30.9856__19.9404, 33.2309__20.1158, 34.9117__20.4866, 36.0519__20.9140, 37.4732__20.9803, 39.2449__21.3180, 41.3108__21.6397, 42.2501__22.1300, 43.3653__22.4902, 44.5476__22.9128, 45.3192__23.2329, 45.8472__23.3664, 46.0848__23.2880, 46.4057__22.9976, 46.8484__22.2424, 47.5501__21.9206, 50.2259__23.4598, 52.4120__25.6454, 53.8763__27.4444, 54.3627__28.0950, 55.3341__28.4902, 55.6285__28.4871, 56.1997__28.4823, 56.5229__28.2575, 56.6225__27.2696, 57.3843__26.7766, 58.5646__28.2512, 59.6215__29.5976, 60.7648__31.1343, 61.2755__31.9050, 61.6691__32.0111, 61.7603__31.1208, 61.9839__28.8713, 62.3865__26.3860, 64.0000__25.3200, 
0.0000__21.7292, 1.1745__21.2768, 3.2298__21.0613, 4.8651__22.0333, 5.7819__23.2168, 6.3684__23.0850, 7.2222__23.7155, 7.6651__23.8536, 8.3970__23.6713, 9.3360__24.4189, 9.7290__24.9696, 10.3012__24.4051, 11.0702__24.5701, 11.5758__25.2378, 12.1595__24.8364, 13.1925__23.2383, 14.7789__21.7653, 16.3866__22.0419, 17.3165__22.4917, 18.3359__22.4072, 19.1845__22.9207, 19.8340__23.2500, 20.3556__23.1374, 20.9033__23.2240, 21.1781__23.2826, 21.9295__22.3005, 23.6338__20.7193, 25.7058__19.5860, 26.8059__19.3625, 28.7548__19.1517, 30.6900__19.3654, 33.4045__19.7910, 34.6123__20.1036, 36.0088__20.4569, 37.2720__20.5925, 38.9262__20.9672, 40.8009__21.2800, 41.8629__21.5926, 42.6685__21.8693, 44.1197__22.2547, 44.8671__22.6450, 45.3674__22.6708, 45.5252__22.3084, 45.9254__21.7880, 46.9422__21.5878, 48.0265__21.7108, 50.4760__23.2740, 52.0726__24.9853, 52.9531__25.6039, 52.9864__25.1840, 54.2854__25.8594, 55.3165__27.1312, 55.7598__27.3530, 56.0526__26.7821, 56.3864__25.7774, 56.9246__25.6430, 58.2240__26.9414, 59.2289__28.1920, 59.7784__28.8500, 60.6795__29.4146, 61.2633__30.0445, 61.2493__28.8016, 61.5435__26.3939, 62.6501__23.7455, 64.0000__22.6064, 
0.0000__19.0240, 1.0787__18.7066, 3.0481__18.9165, 4.9984__19.8207, 5.9318__20.8197, 6.5737__21.3621, 7.0900__21.9185, 7.5814__21.7054, 8.3986__21.1958, 9.4582__21.9093, 9.9405__22.7946, 10.5493__22.0929, 11.4461__21.7714, 12.2723__22.1538, 12.8377__22.3208, 13.6503__21.5898, 15.2843__20.4152, 16.7756__20.2840, 17.7391__20.8378, 18.5093__20.9994, 19.3415__21.2362, 20.1659__21.4665, 20.7841__21.4581, 21.5303__21.5191, 21.8226__21.7539, 22.4896__21.1937, 24.4656__19.7608, 25.6599__19.1595, 27.0175__19.0125, 28.6456__18.7804, 30.6774__18.6311, 33.0389__18.9514, 34.4432__19.6724, 35.6716__19.8485, 36.8916__20.2000, 38.1333__20.3986, 39.8949__20.6326, 41.1014__20.8404, 42.1074__21.0008, 43.6056__21.4642, 44.3696__21.8888, 44.9918__21.8533, 45.4153__21.5022, 45.9423__21.1762, 47.2391__21.1989, 48.4550__21.6656, 50.4568__22.9689, 51.6141__23.9691, 52.0749__24.0347, 52.4438__23.6963, 53.4536__24.4303, 54.4592__25.2218, 55.1278__25.4312, 54.9892__24.5396, 56.1127__24.1350, 56.6255__24.2309, 57.5610__24.8761, 58.5541__25.3773, 59.3427__25.5423, 60.1112__26.4660, 60.7552__27.6236, 60.9176__26.5722, 61.2522__23.9865, 62.3259__21.8334, 64.0000__21.1926, 
0.0000__15.3559, 0.9734__15.4473, 2.5666__15.8334, 4.6963__17.0323, 6.0076__18.3801, 6.4613__19.4719, 7.0315__20.0145, 7.4565__19.6089, 8.2474__19.2156, 9.3799__19.7740, 10.0049__20.5452, 10.5934__20.0884, 11.4723__19.4330, 12.5514__19.6816, 13.2294__20.1315, 14.0828__19.5254, 15.3048__18.6428, 17.0104__18.8021, 18.0180__19.3810, 18.5353__19.6550, 19.4680__19.7154, 20.2167__19.7149, 21.0872__19.7439, 21.7430__19.9205, 22.3692__19.9685, 23.9956__19.0651, 24.9692__18.7796, 25.9884__18.6578, 27.2027__18.2924, 28.8236__17.9497, 30.6982__17.5695, 32.6326__18.1331, 34.0031__18.9787, 35.2589__19.3590, 36.1582__19.4371, 37.1485__19.5292, 38.9592__19.6808, 39.9762__19.8899, 41.7686__20.2512, 43.0847__20.6697, 44.0013__20.9133, 44.7088__20.9156, 45.2389__20.8647, 46.1057__20.5969, 47.3050__20.7800, 48.5800__21.3919, 50.0745__22.2355, 51.0923__22.9211, 51.4828__22.4184, 51.8123__22.3800, 53.1940__23.6124, 53.7377__23.9493, 54.1800__23.6570, 54.1210__22.4627, 55.9544__22.3793, 56.4285__22.7681, 56.8936__22.3850, 57.6687__21.8970, 58.8859__22.1632, 59.8086__23.3966, 60.4741__25.2848, 60.4816__24.4065, 61.2717__21.6691, 62.1594__20.1238, 64.0000__19.5980, 
0.0000__13.2358, 0.8890__13.3561, 2.4051__13.7441, 4.0113__14.2977, 5.9277__15.9134, 6.3940__17.1304, 6.7164__17.6816, 7.1739__17.6369, 8.0080__17.3381, 9.3015__17.6838, 9.9769__18.3579, 10.5548__18.1571, 11.5979__17.6191, 12.4912__17.4513, 13.5899__17.5364, 14.2165__17.4135, 15.4764__17.0464, 16.9854__17.0538, 17.9667__18.0689, 18.7198__18.3643, 19.4574__18.1017, 20.2971__18.0786, 21.1238__18.1409, 22.0702__17.9443, 22.9793__17.2906, 24.3961__17.3177, 25.4150__17.3865, 26.3918__17.2843, 27.2418__17.0247, 29.0242__16.7185, 30.6308__16.7536, 32.2208__17.3539, 33.4556__17.8638, 34.5860__18.2002, 35.4393__18.3605, 36.4799__18.1856, 38.2659__18.2558, 39.2620__18.4556, 41.4134__18.9905, 42.7370__19.9743, 43.8446__20.2952, 44.5133__20.4578, 45.2054__20.2494, 45.9079__19.9973, 46.9700__20.0127, 48.1814__20.4783, 49.4200__21.1874, 50.0227__21.3442, 50.3844__21.1611, 51.7060__21.5458, 52.6337__22.0792, 53.3606__22.5325, 53.7150__21.9801, 54.2108__20.0859, 55.4820__20.7630, 56.2670__21.5247, 56.8545__20.4168, 57.6087__19.3659, 58.5074__19.2993, 59.7750__21.1010, 60.1399__23.3145, 60.5802__22.5096, 61.2329__20.4097, 62.3873__19.1048, 64.0000__18.4894, 
0.0000__12.9023, 0.8440__12.8900, 1.8792__13.2347, 3.6387__13.7695, 4.9863__14.3527, 6.2001__15.5772, 6.4347__16.0188, 6.8855__15.7839, 7.5683__15.6656, 9.1577__15.9082, 9.9443__16.4510, 10.6449__16.2638, 11.4270__16.0072, 12.9333__15.8090, 13.4699__15.8590, 14.3903__15.6677, 15.0107__15.2668, 17.0452__15.6674, 17.8818__16.0685, 18.8230__16.6095, 19.4387__16.8427, 20.2956__16.7747, 21.3327__16.4845, 22.1947__16.5841, 23.2510__16.4056, 24.2048__16.2016, 25.8542__16.4592, 26.4763__16.5079, 27.4174__16.0528, 29.0709__15.6225, 30.7733__15.5633, 31.4277__16.0359, 32.9411__16.6885, 34.1044__16.9196, 34.8211__16.9421, 35.8292__16.8149, 37.4270__17.3420, 39.2308__17.3929, 41.0022__17.9766, 42.4748__19.2140, 43.4306__19.7013, 44.1786__19.7814, 44.9665__19.7255, 45.6496__19.6923, 46.6223__19.5281, 47.5827__19.4818, 48.5904__19.7048, 49.4486__19.7861, 49.8922__19.0436, 51.0328__19.0807, 52.1615__20.1447, 52.7082__20.1384, 53.4656__19.4624, 54.2551__18.6454, 55.1175__19.3804, 56.0673__19.5246, 56.7412__18.7473, 57.6852__18.1874, 58.6476__18.2347, 59.6965__19.6216, 60.0465__20.8332, 60.6354__20.2160, 61.2760__18.8579, 62.5156__17.8238, 64.0000__17.4525, 
0.0000__12.3845, 0.7961__12.4960, 1.5763__12.6838, 3.1284__13.1666, 4.2823__13.7004, 5.2203__14.0698, 5.9628__14.5973, 6.6825__14.7830, 7.5269__14.4987, 9.0239__14.3915, 9.8402__14.7051, 10.4431__14.8601, 11.8886__14.5292, 13.0638__14.4692, 13.6826__14.2594, 14.0574__14.2956, 15.5751__13.8224, 16.4035__13.7634, 17.5912__14.8409, 18.4878__15.2597, 19.4122__15.4957, 20.3680__15.4060, 21.2959__15.5639, 22.1077__15.5544, 23.0651__15.5320, 24.2914__15.4770, 25.7079__15.5944, 26.7366__15.8168, 27.9055__15.0600, 29.2428__14.4284, 30.7094__14.6799, 31.3535__14.5860, 32.3231__14.4524, 33.3697__15.3898, 34.6195__15.7234, 35.4857__15.3854, 36.7879__15.0401, 38.8996__15.6330, 40.6499__16.8742, 41.6575__17.6280, 42.2615__17.8744, 43.2426__17.9800, 43.9600__17.9492, 44.6911__17.4769, 45.9412__17.2195, 47.1656__17.4199, 47.9230__17.6273, 48.7640__17.4531, 49.5423__16.9959, 50.5404__17.1296, 51.8174__17.5952, 52.3681__17.5258, 53.2914__17.2690, 54.3735__17.1776, 55.2795__17.5383, 55.8564__17.4516, 56.7387__17.1429, 57.6910__16.8362, 58.8378__17.0551, 59.6050__18.0832, 60.0546__18.5938, 60.6823__17.8628, 61.4922__17.0467, 62.6502__16.4545, 64.0000__16.1821, 
0.0000__12.0914, 0.6933__12.1067, 1.6065__12.0321, 2.5426__12.0906, 3.6642__12.8322, 4.6982__13.3124, 5.4054__13.2703, 6.2891__13.0991, 7.9243__12.9504, 8.7411__13.0536, 9.7824__13.5057, 10.6491__12.9570, 11.9176__12.8306, 12.9742__13.2500, 13.7881__13.6441, 13.9232__13.5131, 15.1980__13.2599, 16.1453__13.4499, 16.9358__13.4159, 18.2054__13.8122, 19.2908__14.0149, 20.2780__14.2904, 21.0338__14.5018, 22.1834__14.7507, 23.0362__14.6232, 24.4391__14.1384, 25.8170__13.8883, 27.0688__13.6380, 28.2473__13.5229, 29.7188__13.2636, 30.3251__13.3741, 31.6225__13.5960, 32.0479__13.6217, 32.7694__13.4670, 33.9609__13.4171, 35.4719__13.5994, 37.1240__13.1243, 38.4683__13.2031, 40.0344__14.5914, 40.8009__15.4284, 41.3185__15.0907, 42.2754__14.8422, 43.2239__14.6123, 44.1984__14.2065, 45.4162__14.3391, 46.7617__15.0618, 47.6026__15.3773, 48.5342__15.3722, 49.4565__15.1516, 50.5488__15.1597, 51.5792__15.5866, 52.3602__15.5226, 53.4141__15.4294, 54.3751__15.6752, 55.3714__16.1229, 56.0054__15.9718, 56.8900__15.7675, 57.8491__15.6669, 58.8480__15.7968, 59.6115__16.4776, 60.0831__16.4562, 60.8576__15.9374, 61.6871__15.5385, 62.7819__15.1552, 64.0000__15.0444, 
0.0000__11.6376, 0.7202__11.5743, 1.5244__11.5863, 2.3655__11.5929, 3.2656__11.3840, 4.6667__11.3736, 5.6204__11.5452, 6.2879__11.3865, 7.6081__11.5377, 8.5747__11.9716, 9.6512__11.9446, 10.8176__12.2918, 11.8581__12.3374, 12.8521__12.5511, 13.5508__12.9486, 14.0929__13.1798, 14.7913__13.0518, 16.0953__13.1660, 16.6255__13.1715, 17.8203__12.8375, 19.0922__12.8525, 20.1339__12.9748, 21.1208__12.9593, 22.1336__12.7115, 23.3437__12.5394, 24.6099__12.3199, 26.0535__12.2176, 27.2819__12.2722, 28.5596__12.0980, 29.7572__12.3807, 30.3951__12.4208, 31.5112__12.4348, 31.9850__12.5505, 32.7498__12.2729, 33.9378__11.8502, 35.5618__11.4971, 37.2368__11.9003, 38.4202__12.3892, 39.3652__12.6782, 40.1926__12.6780, 40.9980__12.3996, 42.1865__12.5023, 43.3023__12.5513, 44.3921__12.6246, 45.5101__12.8393, 46.5834__13.1882, 47.4289__13.4222, 48.4516__13.5680, 49.5176__13.6546, 50.5541__13.9099, 51.5391__14.1638, 52.5276__14.2059, 53.5067__14.3793, 54.4482__14.5388, 55.3346__14.7054, 56.1263__14.7687, 57.0388__14.7486, 57.9649__14.7221, 58.8379__14.9009, 59.5107__15.1589, 60.1333__14.9625, 60.9942__14.6349, 61.8525__14.4347, 62.8653__14.2436, 64.0000__14.1745, 
0.0000__11.2506, 0.8190__11.1633, 1.4025__11.0735, 2.3619__10.9864, 3.3840__10.8147, 4.5308__10.5621, 5.3184__10.6380, 6.3265__10.7070, 7.1745__10.6134, 8.5150__10.5989, 9.5950__10.7229, 10.5706__10.7387, 11.8101__11.0269, 12.5486__11.5873, 13.4667__12.0364, 13.9845__12.1977, 14.9413__11.8594, 16.0163__11.8248, 16.9396__11.8200, 17.9035__11.4712, 19.0121__11.1746, 20.1275__11.1522, 21.1684__11.0882, 22.2228__10.9499, 23.3097__10.7671, 24.6854__10.6644, 26.1533__10.6249, 27.4114__10.5607, 28.6132__10.7480, 29.6009__10.9443, 30.6034__11.0083, 31.3208__11.1912, 31.9665__11.1851, 32.8806__10.7988, 34.1432__10.5357, 35.6114__10.5823, 36.9271__10.8085, 38.2900__11.1182, 39.2007__11.2930, 40.4467__11.3581, 41.2879__11.1669, 42.4665__11.1618, 43.4980__11.2572, 44.5712__11.3773, 45.6262__11.5925, 46.5974__11.8067, 47.4113__11.8024, 48.3897__11.8709, 49.4128__12.0345, 50.4639__12.2359, 51.4824__12.4351, 52.4737__12.5758, 53.4401__12.7257, 54.4272__12.9287, 55.3278__13.0459, 56.2640__12.8228, 57.1276__12.6982, 57.8941__12.8444, 58.7952__13.1769, 59.3878__13.3836, 60.0410__13.1201, 60.9002__12.9646, 61.9266__12.9708, 62.9435__12.8358, 64.0000__12.7789, 
0.0000__10.3054, 0.6633__10.6565, 1.7249__10.6762, 2.4124__10.2405, 3.4293__10.1416, 4.5283__10.2432, 5.2541__10.1672, 6.2455__9.9995, 7.1125__9.9299, 8.2704__9.8662, 9.3398__10.0055, 10.4320__10.1343, 11.3935__10.2962, 12.4090__10.4867, 13.2929__10.6193, 14.1598__10.7292, 15.0368__10.6004, 16.0909__10.4833, 17.0625__10.5182, 17.9773__10.4616, 18.9595__10.3389, 20.0196__10.2102, 21.0960__10.1133, 22.1726__9.9646, 23.3054__9.7573, 24.7466__9.5043, 26.2150__9.3977, 27.4601__9.5326, 28.5349__9.6327, 29.5451__9.8309, 30.4905__10.0754, 31.4280__10.0607, 32.0845__9.7826, 33.0031__9.5784, 34.3059__9.3637, 35.6102__9.1753, 36.8183__9.2458, 38.0901__9.3726, 39.1528__9.4823, 40.5718__9.5916, 41.5038__9.6358, 42.4887__9.7658, 43.5837__9.9509, 44.5656__10.0734, 45.6028__10.2625, 46.5972__10.4112, 47.4686__10.4725, 48.3806__10.4788, 49.3438__10.4993, 50.3087__10.5754, 51.2848__10.7056, 52.2918__10.8589, 53.2751__10.9693, 54.2349__11.0478, 55.2390__11.1452, 56.2757__11.4206, 57.1633__11.6720, 58.0674__11.6230, 58.7526__11.7190, 59.3200__11.7236, 59.9777__11.4643, 60.8585__11.1908, 61.9047__11.0659, 62.9175__11.1041, 64.0000__11.1377, 
0.0000__9.7048, 0.5694__9.3222, 1.8183__9.2730, 2.5879__9.5888, 3.5165__9.4269, 4.4993__9.3879, 5.4975__9.4783, 6.2074__9.4899, 7.1436__9.4873, 8.1129__9.4596, 9.1857__9.5123, 10.2038__9.6257, 11.1987__9.7591, 12.1775__9.8422, 13.1385__9.9277, 14.0666__9.9609, 15.0343__9.9374, 16.0412__9.8757, 17.0234__9.8894, 17.9824__9.9003, 18.9822__9.8193, 20.0403__9.7152, 21.1414__9.5895, 22.2857__9.4270, 23.4679__9.1428, 24.8900__8.9021, 26.2841__8.8070, 27.3812__8.8496, 28.4760__8.9729, 29.4744__8.9628, 30.4590__8.9277, 31.4749__9.1389, 32.2751__9.2455, 33.2655__8.9570, 34.6363__8.6611, 35.8076__8.5426, 36.9970__8.4676, 38.1688__8.4850, 39.4293__8.4920, 40.6847__8.6292, 41.6827__8.7998, 42.5908__8.8472, 43.5167__9.0149, 44.5158__9.2086, 45.5860__9.3133, 46.6296__9.3767, 47.5056__9.3755, 48.4952__9.3805, 49.4337__9.3518, 50.3555__9.3328, 51.2958__9.3057, 52.2161__9.3111, 53.2211__9.4023, 54.2085__9.4930, 55.1824__9.6182, 56.1363__9.7802, 57.1311__9.9648, 58.0514__10.3880, 58.8212__10.6614, 59.3763__10.6548, 60.1128__10.4086, 60.9716__10.0937, 61.9134__9.9575, 62.9313__9.8549, 64.0000__9.7943, 
0.0000__8.7546, 0.7827__8.6963, 1.6174__8.6000, 2.6527__8.5437, 3.6478__8.5604, 4.6158__8.5039, 5.5741__8.5036, 6.2635__8.5605, 7.2552__8.5799, 8.2285__8.6044, 9.2219__8.6555, 10.2138__8.7126, 11.2052__8.7652, 12.2015__8.7918, 13.1696__8.7876, 14.1342__8.8065, 15.1469__8.7898, 16.1565__8.7917, 17.1556__8.7627, 18.1763__8.6943, 19.2162__8.6254, 20.2869__8.4975, 21.4126__8.3678, 22.5478__8.2268, 23.7697__8.0957, 25.0194__7.9351, 26.3915__7.8404, 27.2183__7.8625, 28.5051__7.8454, 29.5466__7.8021, 30.3252__7.9403, 31.1734__8.1726, 32.2810__8.2074, 33.5260__8.0685, 34.7123__7.9855, 35.9622__7.9046, 37.0624__7.7939, 38.2351__7.7407, 39.4831__7.7812, 40.6169__7.9034, 41.6557__8.0016, 42.5470__8.1050, 43.3480__8.0989, 44.2752__8.1150, 45.4861__8.2278, 46.5502__8.3169, 47.5377__8.3145, 48.5283__8.2820, 49.5190__8.2843, 50.4555__8.2465, 51.4161__8.2293, 52.3128__8.1819, 53.2660__8.1533, 54.2118__8.1941, 55.1427__8.2536, 56.0778__8.3310, 56.9901__8.4723, 57.8893__8.6114, 58.7489__8.8963, 59.3504__8.9951, 60.1268__8.9159, 61.0089__8.9064, 61.9266__8.8456, 62.9536__8.8237, 64.0000__8.8239, 
0.0000__7.6253, 0.8055__7.5130, 1.7454__7.3279, 2.7285__7.1841, 3.7216__7.0357, 4.7775__6.9734, 5.6189__7.0191, 6.2984__6.9889, 7.3150__6.9111, 8.3446__6.9277, 9.3363__6.9417, 10.3375__6.9549, 11.3393__6.9519, 12.3338__6.9872, 13.2815__7.0338, 14.2705__7.0150, 15.2921__6.9993, 16.3172__6.9772, 17.3415__6.9642, 18.3610__6.9385, 19.4080__6.8742, 20.4863__6.8182, 21.5709__6.7656, 22.7098__6.7091, 23.8912__6.6174, 25.1488__6.5557, 26.4603__6.5672, 27.1872__6.5292, 28.5215__6.6061, 29.5283__6.7880, 30.1215__6.9268, 31.0610__6.8772, 32.1327__6.8588, 33.5449__6.9732, 34.6941__6.9500, 35.9336__6.9066, 37.0715__6.8228, 38.1243__6.7346, 39.2599__6.7922, 40.4166__6.8706, 41.4685__6.9215, 42.3254__6.9564, 43.1998__6.9941, 44.1614__6.9280, 45.2794__6.9337, 46.4221__7.0346, 47.4388__7.0635, 48.4887__7.1118, 49.4966__7.0770, 50.4742__7.0574, 51.4442__7.0212, 52.3930__6.9867, 53.3109__6.9673, 54.2327__6.9640, 55.1399__6.9840, 56.0635__7.0239, 56.9369__7.0638, 57.8143__7.2060, 58.6605__7.3399, 59.2225__7.3703, 60.0724__7.3751, 60.9419__7.3474, 61.8985__7.4122, 62.9297__7.4065, 64.0000__7.4031, 
0.0000__5.8326, 0.9264__5.8033, 1.8701__5.7055, 2.8666__5.5821, 3.8665__5.4754, 4.8296__5.4173, 5.6680__5.3862, 6.3231__5.3204, 7.3295__5.2206, 8.3318__5.1612, 9.3415__5.1437, 10.3142__5.1368, 11.3077__5.1736, 12.2712__5.2159, 13.2784__5.2368, 14.2652__5.2567, 15.2871__5.2651, 16.3197__5.2769, 17.3296__5.2926, 18.3890__5.2840, 19.4309__5.2793, 20.4821__5.2870, 21.5956__5.2890, 22.7413__5.2731, 23.9526__5.2636, 25.1901__5.2513, 26.4653__5.3319, 27.1405__5.4500, 28.3658__5.5837, 29.4210__5.8053, 30.0139__5.8800, 31.0071__5.8773, 32.1345__5.7556, 33.4326__5.6343, 34.7285__5.6676, 35.9021__5.5848, 37.1087__5.5533, 38.0785__5.5084, 39.1738__5.4533, 40.2698__5.4816, 41.2997__5.5976, 42.2285__5.6518, 43.1562__5.5535, 44.1308__5.5719, 45.0801__5.6730, 46.2646__5.8040, 47.4241__5.8161, 48.4231__5.7681, 49.4590__5.8095, 50.4531__5.7992, 51.4349__5.8066, 52.3940__5.8107, 53.3351__5.8011, 54.2424__5.7967, 55.1655__5.7935, 56.0766__5.8071, 56.9711__5.8557, 57.8205__5.8645, 58.6006__5.9959, 59.2078__6.0260, 60.0073__5.9162, 60.8534__5.9271, 61.8420__5.8597, 62.9030__5.8501, 64.0000__5.8527, 
0.0000__4.2803, 0.9863__4.2466, 1.9846__4.1625, 2.9442__4.0826, 3.9140__4.0548, 4.8948__4.0066, 5.7074__3.9518, 6.3790__3.8853, 7.3473__3.7909, 8.2994__3.7249, 9.2631__3.6910, 10.2127__3.6914, 11.1761__3.6975, 12.1684__3.6990, 13.1454__3.7339, 14.1639__3.7669, 15.1859__3.7875, 16.2178__3.8169, 17.2555__3.8294, 18.2977__3.8645, 19.3617__3.9090, 20.4334__3.9198, 21.5467__3.9407, 22.7187__3.9784, 23.9146__4.0268, 25.1945__4.0801, 26.3561__4.1859, 27.0365__4.3153, 28.2075__4.3894, 29.3384__4.5140, 29.9365__4.5842, 30.9105__4.5340, 32.3062__4.4657, 33.4668__4.3317, 34.7973__4.2506, 35.9463__4.2470, 37.1124__4.2731, 38.1246__4.2738, 39.1719__4.2946, 40.2193__4.3362, 41.2594__4.3137, 42.2417__4.2673, 43.1388__4.3116, 44.0631__4.3457, 45.0153__4.3211, 46.0984__4.3068, 47.4066__4.4100, 48.4312__4.4646, 49.4358__4.4244, 50.4203__4.4515, 51.4002__4.4549, 52.3597__4.4561, 53.3038__4.4820, 54.2281__4.4983, 55.1295__4.5409, 56.0553__4.6154, 56.9543__4.6735, 57.7667__4.8197, 58.5060__4.8825, 59.2883__4.8582, 60.0109__4.7744, 60.9125__4.6319, 61.8185__4.5595, 62.9021__4.5191, 64.0000__4.4924, 
0.0000__2.9202, 1.0238__2.9147, 2.0294__2.9191, 3.0262__2.8670, 3.9726__2.7566, 4.8903__2.7221, 5.7296__2.7003, 6.3992__2.6640, 7.3287__2.6447, 8.2626__2.6087, 9.1900__2.5824, 10.1349__2.5496, 11.0640__2.5406, 12.0443__2.5669, 13.0179__2.5812, 14.0323__2.6066, 15.0708__2.6452, 16.1204__2.6538, 17.1567__2.6786, 18.2068__2.6929, 19.2754__2.7012, 20.3735__2.7320, 21.4846__2.7544, 22.6428__2.7970, 23.8478__2.8576, 25.0644__2.9900, 26.2739__3.1075, 26.9202__3.2187, 28.1247__3.2623, 29.2661__3.3505, 29.9199__3.3512, 30.8990__3.2710, 32.4885__3.1451, 33.5602__3.0280, 34.8810__3.0325, 35.9772__3.0135, 37.1177__3.0360, 38.1618__3.0285, 39.1889__2.9854, 40.2654__2.9435, 41.2970__2.9571, 42.2725__2.9930, 43.1878__2.9242, 44.1670__2.8314, 45.1022__2.7971, 46.0746__2.8613, 47.2362__3.0387, 48.4957__3.1261, 49.4636__3.1395, 50.4636__3.1214, 51.4304__3.1228, 52.3819__3.1378, 53.3175__3.1458, 54.2134__3.1810, 55.0604__3.2416, 55.9579__3.3154, 56.8542__3.4289, 57.6596__3.4637, 58.5034__3.4813, 59.2750__3.4914, 60.1103__3.4401, 60.9504__3.4088, 61.9115__3.3251, 62.9126__3.2548, 64.0000__3.2652, 
0.0000__1.8499, 1.0189__1.8622, 2.0428__1.8557, 3.0908__1.8344, 4.0350__1.8131, 4.8860__1.7637, 5.6977__1.7589, 6.4119__1.7509, 7.3319__1.6991, 8.2358__1.6696, 9.1693__1.6334, 10.0774__1.6190, 11.0035__1.6111, 11.9475__1.5997, 12.9344__1.6191, 13.9414__1.6245, 14.9791__1.6304, 16.0443__1.6518, 17.0694__1.6704, 18.1500__1.6911, 19.2322__1.6754, 20.2971__1.6656, 21.4134__1.6977, 22.5588__1.7378, 23.7571__1.8042, 24.9458__1.8672, 26.1398__1.9791, 26.8669__2.0969, 28.0668__2.1180, 29.2489__2.1370, 29.9285__2.1318, 31.1158__1.9505, 32.5190__1.8798, 33.6606__1.9124, 34.9169__1.8665, 36.0402__1.9013, 37.1640__1.8843, 38.2620__1.8697, 39.3243__1.8370, 40.3847__1.8241, 41.3753__1.8156, 42.3769__1.7893, 43.3803__1.7760, 44.3322__1.7616, 45.2767__1.7429, 46.1722__1.7119, 47.2153__1.7397, 48.4215__1.9217, 49.5911__1.9828, 50.5613__1.9286, 51.5425__1.9069, 52.4554__1.8888, 53.3580__1.9254, 54.2098__1.9746, 55.0476__2.0210, 55.9321__2.0454, 56.8080__2.0694, 57.6579__2.1225, 58.4631__2.1670, 59.3179__2.1622, 60.1435__2.1287, 60.9940__2.0642, 61.8909__2.0865, 62.9074__2.1421, 64.0000__2.1257, 
0.0000__0.9131, 0.9885__0.9350, 2.0301__0.9828, 3.0757__1.0274, 4.0634__1.0260, 4.9577__0.9617, 5.7187__0.8688, 6.4354__0.8131, 7.3281__0.8242, 8.2332__0.8111, 9.1582__0.8006, 10.0481__0.7817, 10.9719__0.7678, 11.8938__0.7789, 12.8835__0.7740, 13.8928__0.7689, 14.9136__0.7625, 15.9648__0.7697, 17.0111__0.7852, 18.0930__0.7821, 19.1844__0.8021, 20.2335__0.8386, 21.3454__0.8713, 22.4990__0.9218, 23.7028__0.9526, 24.9146__0.9621, 26.0723__0.9411, 26.8316__0.9514, 28.0283__0.9721, 29.2289__1.0602, 30.0215__0.9997, 31.3605__0.8129, 32.3702__0.8634, 33.8026__0.9534, 34.9546__0.8960, 36.1187__0.8676, 37.2373__0.8737, 38.3616__0.8652, 39.4503__0.8463, 40.4766__0.8373, 41.4895__0.8458, 42.4944__0.8381, 43.4748__0.8264, 44.4519__0.8083, 45.4231__0.7825, 46.3674__0.7685, 47.2975__0.7854, 48.4272__0.8017, 49.6082__0.8898, 50.7174__0.9313, 51.6815__0.8660, 52.6222__0.8532, 53.4757__0.8030, 54.3017__0.8015, 55.1165__0.8154, 55.9501__0.8733, 56.8121__0.9531, 57.6476__0.9872, 58.4901__0.9864, 59.3535__0.9751, 60.1663__0.9776, 61.0125__0.9990, 61.8783__0.9578, 62.9030__0.9145, 64.0000__0.9326, 
0.0000__0.0000, 0.9651__0.0000, 2.0008__0.0000, 3.0509__0.0000, 4.0786__0.0000, 5.0071__0.0000, 5.7790__0.0000, 6.4324__0.0000, 7.3161__0.0000, 8.2383__0.0000, 9.1416__0.0000, 10.0570__0.0000, 10.9487__0.0000, 11.8741__0.0000, 12.8768__0.0000, 13.8677__0.0000, 14.8956__0.0000, 15.9249__0.0000, 16.9885__0.0000, 18.0738__0.0000, 19.1400__0.0000, 20.2142__0.0000, 21.3244__0.0000, 22.4777__0.0000, 23.7062__0.0000, 24.9081__0.0000, 26.0980__0.0000, 26.8074__0.0000, 28.0220__0.0000, 29.1501__0.0000, 30.1653__0.0000, 31.4086__0.0000, 32.3187__0.0000, 33.8196__0.0000, 35.0211__0.0000, 36.1427__0.0000, 37.2807__0.0000, 38.4047__0.0000, 39.5137__0.0000, 40.5123__0.0000, 41.5364__0.0000, 42.5401__0.0000, 43.5268__0.0000, 44.5065__0.0000, 45.4914__0.0000, 46.4389__0.0000, 47.3694__0.0000, 48.4981__0.0000, 49.5412__0.0000, 50.8397__0.0000, 51.7313__0.0000, 52.7424__0.0000, 53.5894__0.0000, 54.3779__0.0000, 55.1778__0.0000, 55.9363__0.0000, 56.8179__0.0000, 57.6513__0.0000, 58.5263__0.0000, 59.3571__0.0000, 60.1708__0.0000, 60.9899__0.0000, 61.9385__0.0000, 62.8842__0.0000, 64.0000__0.0000