0.0000__64.0000, 1.2409__64.0000, 1.8651__64.0000, 2.5920__64.0000, 3.9495__64.0000, 5.3869__64.0000, 6.0828__64.0000, 6.6013__64.0000, 8.3309__64.0000, 8.6875__64.0000, 10.3417__64.0000, 10.4883__64.0000, 11.7183__64.0000, 13.3386__64.0000, 13.6706__64.0000, 15.0121__64.0000, 15.1137__64.0000, 16.6346__64.0000, 17.8134__64.0000, 18.8183__64.0000, 20.4058__64.0000, 21.2935__64.0000, 21.9676__64.0000, 22.7935__64.0000, 24.1379__64.0000, 25.2480__64.0000, 25.8497__64.0000, 27.7684__64.0000, 27.8914__64.0000, 29.1022__64.0000, 29.1610__64.0000, 31.0027__64.0000, 31.8618__64.0000, 32.3716__64.0000, 33.5605__64.0000, 34.3074__64.0000, 36.2935__64.0000, 36.4943__64.0000, 37.2433__64.0000, 38.5334__64.0000, 40.0221__64.0000, 40.0904__64.0000, 41.9223__64.0000, 42.8082__64.0000, 43.6069__64.0000, 44.0064__64.0000, 45.7334__64.0000, 46.3894__64.0000, 47.3419__64.0000, 47.8819__64.0000, 49.7763__64.0000, 50.8118__64.0000, 51.2933__64.0000, 53.1162__64.0000, 54.1983__64.0000, 54.4949__64.0000, 55.7709__64.0000, 56.7514__64.0000, 57.5530__64.0000, 59.2529__64.0000, 60.0178__64.0000, 61.2033__64.0000, 61.9558__64.0000, 62.6597__64.0000, 64.0000__64.0000, 
0.0000__63.0528, 1.1063__63.1912, 1.9573__63.2602, 3.0425__62.7606, 3.9334__62.4291, 4.9677__62.8293, 6.1285__63.1774, 6.9866__62.8316, 8.0468__62.8268, 8.9624__62.8206, 10.0402__63.0196, 10.7535__63.0273, 11.7719__62.4756, 12.6872__63.0013, 14.2185__62.9271, 14.5464__63.2999, 15.6113__63.2822, 16.4168__62.6568, 17.6368__62.9495, 19.1491__62.7949, 20.0518__62.8654, 21.3870__63.1128, 22.1089__62.9108, 22.7804__62.8483, 24.0927__62.9189, 24.9048__63.2987, 26.4012__63.0969, 27.3989__63.1852, 28.3441__63.1261, 28.7272__63.1810, 29.8183__63.0652, 30.6418__62.7649, 31.5647__63.1851, 32.6473__63.2374, 33.4403__63.0673, 34.6253__62.9303, 35.8272__63.2004, 36.6741__63.4385, 37.5379__62.8435, 38.6605__62.4537, 39.4236__63.1295, 40.5998__63.1683, 41.4856__62.6345, 42.7917__62.8918, 43.3601__63.1526, 44.4994__62.9311, 45.0747__62.9752, 46.5965__63.3012, 47.2315__63.3208, 48.1882__63.1653, 49.5680__62.8798, 50.6460__63.2962, 51.5962__63.1902, 53.0735__62.9058, 54.0025__63.2202, 54.6742__63.2149, 55.9040__62.8222, 56.3861__62.9320, 58.0368__62.8315, 58.7829__62.8713, 60.2951__63.0208, 60.7344__63.2138, 62.1614__63.4248, 62.6540__63.2133, 64.0000__63.2085, 
0.0000__62.2813, 1.2774__61.9269, 2.0940__61.6054, 3.2730__61.6501, 3.8143__61.7841, 4.6912__61.8226, 6.2099__61.6714, 6.9514__62.0262, 8.0672__62.0277, 8.8354__62.0485, 9.9049__62.1285, 11.0145__62.0557, 11.9920__62.0334, 12.6452__61.5815, 13.8519__61.9950, 14.4058__62.2777, 15.7508__61.9041, 16.4554__62.3338, 18.0701__61.6505, 18.8633__61.6811, 20.2558__61.6924, 21.1187__61.7254, 22.1407__62.1519, 22.6829__62.2572, 23.8101__62.5446, 24.9679__62.3362, 26.2538__62.5101, 27.5416__62.3970, 28.1698__62.5126, 28.9815__62.3333, 29.6780__62.2956, 30.6561__62.6126, 31.4416__62.1528, 32.8676__62.0270, 33.3955__61.9928, 34.6516__62.1115, 35.6499__61.9925, 36.8896__61.8934, 37.7889__61.9982, 38.4319__62.1670, 39.1213__62.1797, 40.8384__62.3807, 41.6234__62.3843, 42.5381__62.1897, 43.4620__62.1778, 44.3978__62.3310, 45.2134__62.2282, 46.3157__62.2144, 47.3225__62.6281, 48.6549__62.2498, 49.3364__62.2180, 50.5105__62.2702, 52.0437__61.9746, 52.6644__62.2250, 54.1062__62.2780, 54.8158__61.9426, 55.9734__62.1316, 56.4889__61.8169, 57.7377__61.9804, 58.9172__62.0609, 60.0400__62.1316, 60.8256__62.1920, 61.9434__62.0794, 62.9287__62.2299, 64.0000__61.8163, 
0.0000__60.3762, 1.0357__61.0157, 2.4752__61.0686, 3.0954__60.8867, 3.6529__61.0126, 5.0723__60.8585, 5.6467__60.9566, 7.0912__60.8790, 7.9061__61.0916, 9.2059__60.9261, 9.7997__60.7133, 11.0968__60.8665, 11.7448__61.1274, 13.0071__61.4038, 13.3688__61.1833, 15.0668__61.1956, 15.3956__61.2400, 16.8868__60.6434, 17.8485__61.1603, 18.9849__61.1284, 20.2119__60.7683, 20.7302__61.0655, 21.7881__61.4418, 22.8487__61.4598, 23.7506__61.0189, 25.0618__61.3699, 26.4781__60.8765, 27.3129__61.2586, 28.2346__61.2752, 28.7241__61.3726, 29.5126__61.8441, 30.8734__61.1751, 31.7524__61.1803, 32.6229__61.2701, 33.6757__61.2808, 34.5185__60.8762, 35.5640__61.1124, 36.8914__61.2236, 37.4260__61.4157, 38.7030__61.3604, 39.4764__61.1951, 40.4272__61.0594, 41.4295__61.1509, 42.8425__61.2902, 43.5096__61.2134, 44.1488__61.2530, 45.4722__61.2104, 46.0078__61.2194, 47.5344__61.0833, 48.6810__61.4281, 49.5503__61.2930, 50.9254__60.6988, 51.4536__60.9273, 53.0384__60.9358, 53.8858__60.9770, 55.1809__61.0955, 55.6775__60.9446, 56.9251__61.1053, 57.4538__60.8549, 58.8022__61.0682, 59.9027__61.1976, 60.8464__61.3892, 61.7983__61.6456, 63.1699__61.3124, 64.0000__61.3953, 
0.0000__60.0540, 0.8664__59.6863, 1.9869__59.8813, 3.2180__60.3359, 3.6075__60.0686, 5.3309__60.0186, 5.7606__59.5250, 6.6367__59.6500, 7.9237__59.8626, 9.0521__59.8571, 9.8839__60.1402, 10.9432__60.0487, 11.7183__60.0158, 12.8093__59.8718, 13.7193__60.3205, 15.0554__59.9460, 15.5353__59.6168, 16.7776__60.0790, 17.7240__59.7832, 18.8203__59.7486, 20.0261__60.3750, 20.7650__60.1514, 21.7823__59.8323, 22.6236__60.0779, 24.0826__60.4220, 24.9407__59.8441, 26.3711__60.4209, 27.2284__60.2926, 28.0309__60.3908, 28.6626__60.6034, 29.8915__59.8343, 30.3921__60.3050, 31.9905__60.3833, 32.2280__60.4437, 34.0841__60.5835, 34.7011__60.3329, 35.3604__60.1382, 36.7587__60.5289, 37.8803__60.0243, 38.6085__60.1623, 39.5427__60.4813, 40.3637__60.4427, 41.5741__60.2291, 42.6767__60.1189, 43.5125__60.4416, 44.1415__60.3665, 45.4950__60.4635, 46.1681__60.2615, 47.6746__60.0698, 48.7208__59.6539, 49.6045__59.6888, 50.9183__60.1319, 51.5101__59.7866, 52.8804__59.9377, 53.8556__60.0802, 55.0845__59.9921, 55.7486__60.2427, 56.7333__60.2795, 57.6530__60.5992, 58.6922__60.2797, 59.7779__60.3551, 60.6643__60.4612, 62.0478__60.0076, 62.9464__60.2703, 64.0000__60.3621, 
0.0000__58.9345, 1.0639__59.2395, 2.1836__58.6876, 2.8126__58.6001, 4.2122__58.8896, 4.9778__58.7774, 6.1436__59.2330, 6.8520__58.4647, 7.8402__58.4228, 8.9819__58.5792, 9.7902__58.5552, 10.8989__58.7293, 11.7825__58.9007, 12.6203__59.0993, 13.8292__58.6510, 15.0752__59.1416, 15.9117__59.0258, 16.4601__58.6483, 18.0042__59.1035, 18.7380__58.9124, 19.4899__58.8553, 21.3917__59.1210, 21.5525__59.2112, 22.8106__59.1323, 23.7348__58.8916, 25.3102__59.2815, 25.6975__59.0563, 27.6211__59.4462, 27.8935__59.1479, 29.2502__59.3161, 29.7297__59.7407, 30.5575__59.3634, 31.6906__59.5772, 32.5051__59.6336, 33.7646__59.3569, 35.0368__59.5821, 35.3738__59.4592, 36.6248__59.1265, 37.8688__59.3657, 38.3239__59.5240, 39.7318__59.5609, 40.3622__59.4029, 41.7522__59.3588, 42.6052__59.3086, 43.4049__59.3154, 44.3790__59.3783, 45.4267__59.1148, 46.7108__58.8274, 47.2675__58.7459, 48.8576__59.2667, 49.4624__59.2044, 50.9059__58.9512, 51.7235__59.1378, 52.6805__59.0080, 53.8213__59.1223, 54.8763__59.3844, 55.7300__59.3169, 56.5045__59.4886, 57.9402__58.9519, 58.8065__59.3259, 59.6446__59.3010, 60.8481__59.1564, 62.0470__59.4407, 62.8564__59.3033, 64.0000__59.2788, 
0.0000__57.9960, 1.1115__57.5906, 2.2592__58.1407, 2.9289__57.9823, 4.0257__58.0473, 5.2654__58.1637, 5.9793__57.5390, 7.2693__57.8883, 7.7335__57.6480, 9.0712__57.4533, 9.4509__57.8182, 10.9523__57.8520, 11.4776__57.9186, 12.7740__57.8289, 13.8462__58.0128, 14.8374__57.7436, 15.9888__57.8433, 16.4120__58.2455, 17.8656__58.0369, 18.8163__58.2986, 19.8770__57.9306, 21.1032__58.1326, 22.0088__57.8112, 22.6182__57.7320, 23.6978__58.1009, 25.0940__58.0678, 26.1298__58.1794, 26.8060__58.1320, 28.2957__58.7839, 28.8094__58.7000, 29.8534__58.2760, 30.6572__58.5720, 31.4306__58.5054, 32.9101__58.2190, 33.6594__58.1731, 34.8843__58.5478, 35.5051__58.6894, 37.0144__58.2059, 37.3417__58.0685, 38.7070__58.1403, 39.3706__58.1721, 40.8439__58.2248, 41.5200__58.1233, 42.6991__58.3746, 43.2984__58.4479, 44.8562__57.9992, 45.4681__57.7591, 46.6172__58.1935, 47.6261__58.0732, 48.4750__57.7075, 49.6438__58.0728, 51.0989__57.9637, 51.5971__57.7686, 52.8498__57.9714, 53.5800__57.9503, 54.6872__57.8887, 55.6935__58.2654, 57.0244__57.5433, 57.5399__57.8356, 58.6162__58.0389, 59.8920__58.1659, 60.8924__58.0980, 61.8750__58.0876, 63.0782__58.2876, 64.0000__58.0834, 
0.0000__56.6634, 1.0178__57.0100, 1.8979__56.8612, 3.0728__57.0380, 3.7641__57.1549, 5.3662__57.1582, 6.3476__57.2729, 6.9145__56.9633, 8.3950__56.8982, 8.7507__56.8588, 9.6723__56.7698, 10.4204__56.9425, 11.8449__57.1585, 12.8885__56.6532, 13.4219__56.6106, 15.0603__56.9025, 15.4867__57.1008, 16.5511__57.0176, 17.7325__57.2293, 18.8664__57.0517, 20.2309__56.9631, 20.8553__56.6293, 21.6697__57.0463, 22.7520__57.2961, 23.4448__56.8126, 25.0390__57.0871, 25.9400__57.2297, 27.2652__57.0977, 27.8767__56.7215, 28.6905__57.0313, 29.9021__57.6507, 30.7548__57.2709, 31.6468__57.1864, 32.7663__57.3920, 33.6041__57.5400, 34.6325__57.4994, 36.1035__56.9286, 36.6650__57.3613, 37.8210__57.3445, 38.1595__57.0727, 39.9907__57.0450, 40.5720__56.8186, 41.5182__57.0696, 42.4644__57.0879, 43.6978__57.0475, 44.8975__57.0851, 45.2373__57.3341, 46.7963__56.9594, 47.7147__56.7295, 48.2631__57.0497, 49.6390__56.9904, 51.1818__56.9550, 51.4710__57.1247, 52.8271__57.0324, 53.6320__57.0497, 54.8525__56.9396, 55.8612__56.4673, 56.9937__56.8389, 57.3526__56.7567, 58.4699__56.7109, 59.6309__56.9383, 60.9729__57.0069, 61.7088__57.0963, 63.1685__57.0024, 64.0000__57.1379, 
0.0000__56.4597, 0.8242__56.3530, 2.2680__56.3464, 2.6608__56.2170, 4.2309__56.0469, 5.0180__55.9633, 6.3738__55.9088, 7.2176__55.9237, 7.9741__56.1667, 8.9753__56.2994, 9.6113__56.2415, 10.4929__56.1365, 11.9689__55.7661, 12.8314__56.2052, 13.7389__55.9871, 14.2618__55.8247, 15.6655__56.2489, 16.5246__56.1880, 18.0147__55.7311, 18.8488__55.7896, 20.0259__56.1726, 20.9566__56.3334, 21.5354__56.0183, 22.6425__56.0027, 23.5576__56.4026, 24.8132__55.9473, 25.9676__56.0113, 27.2566__55.9183, 27.6731__56.5097, 28.9008__56.1603, 29.7101__55.6981, 30.7157__56.1387, 31.5215__56.3928, 32.7138__56.4055, 33.6469__56.2570, 34.7659__56.1792, 36.2587__56.3177, 36.5131__56.1655, 37.8434__56.5857, 38.9791__56.1445, 39.7316__55.8334, 40.4594__56.2821, 41.7728__55.8390, 42.5704__55.6480, 43.4639__55.6714, 44.5739__56.5413, 45.5212__56.2630, 46.6586__55.8346, 47.3674__56.4349, 48.6431__55.9924, 49.5309__55.7387, 50.9698__56.3072, 51.7182__56.1279, 52.7329__56.0561, 53.7497__56.0342, 55.1211__55.6631, 55.5974__56.0134, 56.9574__56.0033, 57.6829__55.8969, 58.3818__55.6802, 59.6081__55.6897, 60.7021__55.8880, 62.0609__55.6734, 62.8439__55.7236, 64.0000__55.8775, 
0.0000__54.7242, 1.0721__54.7571, 1.8352__55.0682, 3.2822__55.1788, 3.9843__55.0260, 5.0508__55.2616, 6.3537__55.1218, 7.1283__55.3088, 7.9190__55.2639, 8.8639__55.0384, 9.8757__55.0328, 10.5743__54.9529, 11.7958__55.3914, 12.7992__55.2045, 13.9072__55.3732, 14.6093__55.0342, 15.6097__54.6943, 16.8651__54.4954, 17.6741__54.8111, 19.0535__54.8644, 19.6254__54.6548, 20.9853__54.8253, 21.8615__55.4360, 22.6817__55.2347, 23.7010__54.7161, 24.9092__54.8293, 25.9067__54.7824, 26.7135__55.3998, 27.8889__54.9759, 28.9971__55.3351, 29.9655__55.4201, 30.3489__55.0780, 31.6930__55.1284, 32.6968__54.9941, 33.8260__55.1197, 34.7957__54.9889, 35.9716__55.2466, 36.8105__55.5916, 37.7114__54.8425, 39.1073__55.3402, 39.6633__55.5882, 40.8167__54.7527, 41.5467__55.0252, 42.6805__55.1766, 43.1641__55.0909, 44.4303__54.9190, 46.0046__55.5181, 46.7595__55.4635, 47.4654__54.7679, 48.7904__55.1149, 49.6665__55.1622, 50.9046__54.5399, 51.8703__54.7811, 52.5584__54.8589, 54.0550__54.7334, 54.9271__55.0616, 55.7885__54.7232, 56.6186__54.8702, 58.0125__54.9593, 58.5035__54.7795, 59.4105__54.9427, 61.0776__54.6128, 61.6779__54.7858, 63.1320__54.8821, 64.0000__54.4753, 
0.0000__53.6019, 0.8401__53.7827, 1.8688__53.7055, 2.8526__53.8127, 4.0339__54.3009, 4.9846__53.9695, 6.3261__54.0561, 6.7803__54.2401, 8.4333__54.1782, 8.8580__53.8487, 9.9347__53.9006, 10.3478__54.1528, 11.8236__53.8568, 12.9387__54.1625, 13.9769__53.7734, 15.0388__53.6642, 15.3282__53.8503, 17.0462__54.0103, 17.5349__53.7616, 19.0948__54.1779, 19.9366__53.9974, 20.4198__53.7589, 21.8793__53.8094, 23.0373__53.9221, 23.8081__53.9118, 24.9168__53.8988, 25.7874__54.1438, 26.7393__53.4885, 27.6204__54.0251, 28.8475__54.0771, 29.8824__53.9468, 30.8471__53.9530, 31.5118__53.5910, 32.4278__53.9341, 33.6574__54.2505, 34.9903__54.2134, 35.6066__54.1418, 36.7602__54.1758, 38.1362__54.3387, 38.4938__54.0048, 39.9016__53.7242, 40.8588__54.2020, 41.4617__54.0074, 42.4819__54.1810, 43.3157__54.3868, 44.6168__54.2004, 45.6705__53.7143, 46.5818__53.6270, 47.7056__54.2708, 48.6932__53.7202, 49.7964__53.6157, 50.8853__53.9854, 51.6192__54.0394, 52.9171__53.8139, 53.7554__53.8032, 54.9821__53.6823, 55.8055__54.1506, 56.9825__53.7161, 57.8361__53.4811, 58.4013__53.8831, 59.7414__53.6345, 60.8391__54.0856, 62.0742__53.7441, 62.9830__53.4783, 64.0000__53.9594, 
0.0000__52.9516, 0.6503__52.9725, 2.0318__53.0992, 2.7095__52.9454, 3.9313__52.7844, 5.3969__52.8263, 5.8306__52.8788, 7.2592__52.8605, 8.0407__52.8362, 9.0097__53.2438, 9.7181__53.2745, 10.7948__52.7903, 11.5571__52.7017, 12.9239__52.6690, 14.1515__52.5520, 14.6165__52.9429, 15.5866__52.9478, 16.6953__52.8095, 17.9863__53.1628, 18.8799__52.5197, 19.9381__52.9838, 20.8308__52.7166, 21.7954__52.4723, 22.8918__52.4502, 23.6936__52.4306, 24.6559__52.9856, 25.9709__52.9176, 26.9841__53.0283, 27.4293__52.6306, 28.7566__52.9916, 30.0770__52.9138, 30.8061__52.8827, 31.4743__53.2102, 32.2950__52.9366, 33.6016__52.7804, 34.7499__53.1680, 35.8426__53.3231, 36.9112__52.8638, 37.6200__52.8264, 38.8589__53.2734, 39.6687__53.2526, 40.7021__53.2153, 41.6486__53.3670, 42.1822__53.2344, 43.7575__52.9612, 44.4210__52.8568, 45.9309__53.1297, 46.5623__52.8876, 47.6936__52.5004, 48.9585__52.7330, 49.3820__52.7921, 51.0951__52.6267, 51.8472__52.3154, 52.4060__52.6272, 54.1566__52.7205, 54.6916__52.7493, 55.8704__52.5280, 56.9894__52.6845, 57.6793__53.0359, 58.5582__52.6873, 59.6613__52.8921, 61.0266__52.3617, 61.9041__52.5882, 63.0773__52.9035, 64.0000__52.4194, 
0.0000__52.1786, 0.9069__51.8850, 1.8020__51.6904, 3.1146__51.7052, 3.8094__51.6668, 5.1308__52.1659, 6.1297__52.0954, 7.2194__51.7423, 7.9962__51.7962, 8.9531__51.5037, 9.5495__51.6143, 11.0914__51.9999, 11.5792__51.6951, 13.0357__51.7041, 14.0295__51.8743, 14.7231__51.5268, 15.6467__51.5545, 16.6686__51.6895, 17.6941__51.5394, 19.2402__51.7747, 19.4548__51.5115, 21.1856__51.8883, 21.9130__51.7237, 22.6329__51.5590, 23.3457__52.0654, 24.9527__51.4538, 25.5515__51.6042, 26.9742__52.0622, 27.8431__52.2384, 28.6172__51.5821, 29.9573__51.9886, 30.7079__52.4014, 31.4578__51.9108, 32.4916__52.0458, 33.3831__52.1267, 34.6201__52.1655, 35.8927__52.0850, 37.1883__52.2831, 37.8299__51.8763, 38.5883__51.6505, 39.4105__52.1053, 40.9831__52.1438, 41.3670__52.1624, 42.9472__52.1201, 43.5832__51.8615, 44.7697__51.7184, 45.5110__51.4755, 46.9898__51.6487, 47.4077__51.8613, 48.9483__52.1834, 49.7741__51.6455, 50.8770__51.5143, 51.7378__52.0885, 52.6007__51.7248, 53.9210__51.4599, 54.5471__51.7300, 56.0967__51.7583, 56.6326__51.6566, 57.8305__51.5669, 58.4383__51.9302, 60.0141__51.5363, 60.9077__51.8802, 62.0615__51.5491, 62.9903__51.4921, 64.0000__52.2198, 
0.0000__50.9979, 1.2344__50.9274, 1.9088__50.7367, 2.8541__50.9199, 3.7782__51.2426, 5.0067__50.7915, 6.2025__50.7982, 7.3893__50.9019, 8.0351__50.7274, 8.6873__51.1298, 9.7023__51.1209, 10.8204__50.8249, 11.9948__50.9237, 12.7880__50.6927, 14.3266__50.4586, 14.5660__50.6355, 15.9303__50.5602, 16.5427__50.2317, 17.8629__50.2701, 18.4960__50.6835, 20.1865__51.0427, 20.5785__50.4834, 22.0668__50.4700, 22.4548__50.5274, 23.6280__50.3510, 24.9211__50.7877, 25.4529__50.6689, 26.7121__50.6287, 27.8239__50.4932, 28.4512__51.0909, 29.4853__51.1444, 30.9171__50.9940, 31.5735__51.1245, 32.3013__51.1765, 33.6972__51.1239, 34.6200__50.8809, 35.9052__50.9900, 37.1211__50.8386, 38.0446__51.0115, 38.3146__51.2468, 39.7413__50.8823, 40.5686__51.0018, 41.6175__51.1850, 42.7944__51.0309, 44.1351__50.8338, 44.4332__50.9542, 46.0044__50.9724, 46.2854__51.0255, 47.5858__51.3402, 48.6476__50.9812, 50.2027__51.1568, 50.7322__51.0572, 51.4633__51.0390, 53.4601__51.0819, 53.6679__50.9720, 54.9457__50.9081, 55.9782__50.5678, 56.5439__50.6887, 57.6292__51.1004, 58.6557__50.6970, 59.8975__50.9281, 60.8981__50.6184, 61.6976__50.6019, 62.7240__51.2091, 64.0000__50.4216, 
0.0000__49.9425, 1.2806__49.9413, 1.8614__50.1291, 2.9953__49.9431, 3.8870__49.3606, 4.8456__49.7861, 6.4883__49.6879, 7.1262__49.6211, 7.8340__50.2660, 8.5850__50.1552, 10.0566__49.9747, 11.1062__49.6490, 11.6757__49.4642, 13.2143__49.6001, 14.0887__49.9920, 14.9325__49.6176, 15.6904__49.4484, 16.6671__49.7280, 17.5203__49.7629, 18.4245__49.8752, 19.9265__49.8022, 20.9766__50.1546, 21.8158__49.9123, 22.7930__49.8713, 23.5945__49.8700, 24.8384__49.8044, 25.7866__49.6615, 26.3224__49.5754, 27.7783__50.0294, 28.2996__49.5973, 29.3448__49.6706, 30.7866__50.1072, 31.4150__50.1481, 32.8682__49.8536, 33.7629__49.5830, 34.4220__49.8155, 35.8703__49.8952, 37.1316__49.9024, 37.6090__50.2718, 38.7750__49.9810, 39.5582__49.9185, 40.4435__50.1195, 41.8985__49.7182, 42.7869__49.5781, 43.9989__50.0651, 44.6635__49.8226, 45.6643__49.6350, 46.2460__50.1160, 47.6140__50.0915, 49.0696__50.0387, 49.7484__49.9813, 50.8458__50.4897, 51.7902__50.0342, 52.9969__50.1456, 54.0621__50.2764, 54.8706__49.7915, 56.0476__50.1064, 56.7041__49.7319, 57.4377__49.3818, 58.8269__50.0890, 59.9842__49.6326, 61.0583__50.1697, 61.7376__49.9360, 62.9926__49.1884, 64.0000__49.7027, 
0.0000__48.5154, 0.9654__48.9039, 2.1679__48.6520, 2.9627__48.7318, 4.1986__48.9263, 4.5957__48.5326, 6.4115__49.0667, 7.0944__49.1638, 7.6621__48.8225, 8.8565__49.0316, 10.1851__48.7972, 11.2703__49.0520, 12.2377__48.5064, 13.0219__48.2019, 13.5944__48.4486, 15.3333__48.7467, 15.5485__48.8030, 16.6419__49.0923, 17.6576__49.0818, 18.6240__48.6576, 19.5811__48.8873, 20.8239__48.8224, 22.1797__49.0590, 22.8394__48.6822, 23.5161__48.6186, 24.7966__48.7836, 25.9366__48.7596, 26.4802__48.5600, 27.3855__48.3564, 28.5950__49.0411, 29.3067__48.6570, 30.3406__48.5366, 31.5745__48.8748, 32.9257__48.9313, 33.6493__49.2907, 34.8151__48.8154, 35.8166__48.4304, 36.4900__48.9533, 37.6787__49.1536, 38.9223__48.9600, 39.3742__48.9916, 41.0738__48.6896, 41.6505__48.6929, 43.0354__48.6501, 43.4212__48.5975, 44.9213__49.1636, 45.5052__49.1785, 46.3298__48.9438, 47.7202__48.8240, 48.8985__48.9297, 49.7770__49.0990, 50.5845__48.8174, 52.1282__49.2955, 52.9504__48.8840, 54.0340__48.9153, 55.1602__49.1266, 55.9814__48.5865, 56.9759__48.8217, 57.6069__48.7760, 58.6624__48.1870, 59.4626__48.4253, 60.8008__48.6706, 62.2679__48.4910, 62.8810__48.7412, 64.0000__48.4471, 
0.0000__47.6340, 0.7598__47.5488, 2.3084__47.8859, 2.9463__47.7099, 4.1229__47.7126, 5.0519__47.8334, 5.9055__47.3184, 6.9592__47.8217, 7.7736__48.3690, 9.2047__47.6517, 10.1207__47.5007, 11.1707__47.3760, 12.3719__47.5110, 12.9713__47.7172, 13.7272__47.5232, 14.6411__47.6969, 15.6019__48.1442, 16.4144__48.1099, 18.2077__47.8744, 18.6480__47.6702, 19.6635__47.4816, 20.7184__47.5770, 21.9166__47.6906, 23.2189__47.7710, 23.5634__47.3629, 24.6793__47.4221, 25.9062__47.5997, 26.4524__47.7255, 27.5940__47.6445, 27.9935__47.4120, 29.8569__48.0035, 30.2673__47.6803, 31.5553__47.7046, 32.5085__48.0297, 33.8735__47.4684, 34.9412__47.6569, 35.5523__48.1716, 36.3252__48.0925, 37.9280__47.8608, 38.8753__47.9185, 39.5455__47.6885, 41.0226__48.0014, 41.8264__47.8244, 42.7996__47.8324, 43.4414__48.0883, 44.5729__47.7138, 45.5212__47.6820, 46.3611__47.9850, 47.7583__47.8948, 48.7010__47.9432, 49.7969__48.0461, 50.8294__48.0777, 51.6926__47.8134, 53.4022__48.0931, 53.8835__47.8214, 55.2553__47.9132, 56.2562__48.0552, 56.5252__47.9533, 57.9768__48.0037, 58.7624__48.0079, 59.5384__47.6477, 61.0671__47.3674, 61.8457__47.7105, 63.2250__47.2207, 64.0000__47.1432, 
0.0000__46.5687, 0.7675__46.6238, 1.9863__46.6217, 3.1948__46.7307, 4.1825__46.3845, 4.9768__46.2451, 5.7705__46.6963, 6.3093__46.8683, 7.9625__46.6712, 9.4090__47.0576, 10.1469__47.0032, 11.4978__46.8164, 11.9314__46.8399, 13.0301__47.0722, 13.9196__47.0259, 14.1597__46.9420, 15.7025__46.9657, 16.8749__46.5757, 17.7390__46.8546, 19.0622__46.7999, 19.5189__46.6783, 20.5981__46.8852, 21.9417__46.8471, 23.1841__46.8697, 24.0154__46.7915, 24.3780__46.5942, 26.0501__46.9049, 26.6041__46.5093, 27.3644__46.6866, 28.4329__46.7836, 29.2860__46.3119, 30.5817__46.9787, 31.5533__46.7385, 32.8951__46.2240, 33.7116__46.2976, 34.3553__46.7365, 35.4458__46.9374, 36.9774__46.7403, 37.5133__46.6967, 39.1054__46.8662, 39.5780__46.8745, 40.9055__46.6489, 41.8115__46.8494, 42.6501__47.0611, 43.4172__47.0461, 44.8604__47.1128, 45.2855__47.0925, 46.9474__46.6168, 47.2953__46.5454, 48.9271__46.8287, 49.8456__46.4493, 50.6546__46.5218, 51.8145__46.8749, 53.0761__46.7486, 54.1409__46.9985, 54.9746__46.8647, 56.2221__46.6880, 56.7638__46.6877, 57.6478__46.8212, 58.9041__46.9099, 60.1912__46.9162, 60.9095__46.8916, 62.3455__46.5093, 63.3053__46.3579, 64.0000__46.2848, 
0.0000__46.0921, 1.0921__45.6721, 1.7847__45.4756, 3.3594__45.4062, 3.9315__45.7747, 5.0606__45.9295, 5.5627__45.5425, 6.5880__45.5597, 7.7332__45.7013, 9.1305__45.8086, 10.1985__45.9053, 11.3486__46.1961, 11.9985__46.2784, 12.9590__45.9261, 13.9471__46.1267, 14.6674__45.8015, 15.7094__45.6414, 16.8235__46.1430, 17.8084__45.8350, 18.9284__46.0208, 19.6814__46.0752, 20.5227__45.7647, 21.9707__45.9114, 23.2213__45.7282, 24.0230__45.7881, 24.8974__45.5811, 25.6194__45.3441, 26.7142__46.1687, 27.3350__45.9418, 28.6775__45.8444, 29.2654__46.0355, 30.6274__45.3402, 31.6821__45.2750, 32.9147__45.3946, 33.3768__45.4381, 34.2484__45.5395, 35.5771__45.6477, 36.9963__45.7694, 37.7277__45.5939, 38.3562__45.7289, 40.0666__45.8170, 40.6189__45.7930, 41.6816__46.0049, 42.5595__46.0392, 43.8662__45.7762, 44.5830__45.5211, 45.8513__45.2998, 46.4533__45.5809, 47.6636__45.7002, 48.5630__45.3105, 49.9373__45.6762, 50.4491__45.7157, 51.9886__45.5651, 53.1533__45.4447, 53.6964__45.5209, 55.2622__45.8572, 56.1896__45.7193, 56.5664__45.8076, 57.6833__45.8765, 58.9773__45.5613, 60.1880__45.4729, 60.8476__45.4440, 62.3971__45.8698, 63.4111__45.7345, 64.0000__45.6432, 
0.0000__44.7051, 1.2815__45.0791, 2.3023__44.4769, 3.0092__44.6408, 3.8491__44.6672, 4.7822__44.6915, 6.0114__44.9494, 6.4807__44.6480, 7.5635__44.8094, 8.9999__45.0751, 10.3416__44.9247, 10.9742__44.7666, 12.4103__44.6820, 12.9080__44.8492, 13.9286__44.6791, 14.8053__44.5972, 15.4745__44.8313, 16.9045__44.4252, 17.9229__44.5799, 18.6658__44.5812, 19.6706__44.8611, 21.0819__44.7144, 21.9100__44.2844, 23.0120__44.5995, 23.9104__44.7950, 24.9981__44.8874, 25.6281__44.9986, 26.4962__44.3897, 27.6485__44.5839, 28.1371__44.9116, 29.6793__44.6873, 30.8075__44.9348, 31.9142__44.6342, 32.5821__44.7746, 33.6489__44.8336, 34.2007__44.5198, 35.3244__44.7448, 36.9406__44.8358, 37.6552__45.2849, 38.6428__44.9816, 39.7448__44.9892, 40.7983__45.1085, 41.5113__44.8725, 42.7045__44.9218, 44.0439__44.8939, 44.7496__44.7400, 45.8311__44.8416, 46.7187__44.3676, 47.5087__44.2888, 48.5670__44.7675, 49.6263__44.7207, 51.0816__44.4233, 51.7971__44.3094, 52.9951__44.7253, 53.8597__44.6800, 54.9629__44.3731, 56.1766__44.7723, 56.5398__44.7149, 57.9840__44.6023, 59.2496__44.3125, 59.9556__44.3748, 61.0607__44.5118, 61.8768__44.4235, 63.3582__44.9779, 64.0000__45.0854, 
0.0000__43.9171, 1.2936__43.4613, 2.2516__43.7096, 2.8918__43.7383, 4.0008__44.0348, 4.6333__44.0797, 6.0257__43.7668, 6.4892__44.0199, 7.5237__43.9580, 8.8769__43.8866, 10.3697__44.2883, 11.3030__44.0402, 12.2800__43.9660, 12.8626__43.9599, 14.2613__43.9030, 14.7745__43.6647, 15.7117__43.2543, 16.7503__43.4853, 17.8932__43.3592, 18.4712__43.4696, 19.7236__43.4469, 20.7372__43.4709, 21.9518__44.0832, 22.8241__43.8537, 24.0675__43.7275, 24.7103__43.6826, 25.8164__43.4205, 26.4816__43.8263, 27.5504__43.8379, 28.1795__43.5114, 29.5501__43.8910, 31.0815__43.3340, 31.7252__43.4953, 32.5091__43.5665, 33.6534__43.7667, 34.3131__44.0904, 35.5170__43.6488, 36.5257__43.7849, 37.7366__43.5952, 38.8257__43.8882, 39.7199__43.7582, 40.8216__43.7451, 41.5918__43.9871, 42.9463__43.6090, 43.7877__43.6670, 44.8397__43.8859, 45.9989__43.4240, 46.8048__43.7521, 47.4690__43.8005, 48.6018__43.5046, 49.8518__43.3791, 50.9229__43.5686, 51.7267__43.9687, 53.1101__43.4219, 53.9611__43.3397, 55.0388__43.4383, 55.8437__43.2917, 56.9817__43.4756, 57.9528__43.2405, 58.9044__43.5292, 60.2184__43.3860, 60.8291__43.1997, 61.9261__43.5104, 62.8781__43.4231, 64.0000__43.7482, 
0.0000__42.5819, 1.4085__42.7817, 1.8770__42.7565, 3.1303__42.7476, 3.7593__42.4810, 5.0216__42.4758, 5.5778__42.9098, 6.6181__42.8053, 7.5684__42.7231, 8.8783__42.8153, 10.0335__42.7726, 11.5116__42.8967, 12.0370__43.0570, 13.1537__42.9747, 14.0826__42.8839, 15.1888__42.8972, 15.9676__42.7477, 16.6641__42.4734, 17.9221__42.5958, 18.3049__42.6622, 19.9663__42.8268, 20.8197__42.4188, 21.6266__42.0566, 22.8909__42.7842, 24.0562__42.8842, 24.9361__42.7196, 25.8008__42.6884, 26.3309__42.4582, 27.6970__42.8124, 28.4466__42.8295, 29.6132__42.1099, 30.6942__42.8470, 31.6738__42.9553, 32.6305__42.7721, 33.3097__42.8373, 34.6014__42.4360, 35.3480__42.7630, 36.7846__42.5669, 37.5209__42.6012, 38.6071__42.7355, 40.0408__42.5486, 40.3544__42.5766, 41.9319__42.5251, 42.8042__42.7767, 43.9304__42.7389, 44.8770__42.3126, 45.7978__42.6873, 46.4631__42.9145, 47.8425__42.5974, 48.3707__42.6887, 50.1858__42.3776, 50.2633__42.4224, 52.0532__42.6238, 53.3468__42.6279, 53.8185__42.5887, 55.3810__42.3199, 55.8968__42.2226, 56.5733__42.4042, 58.1754__42.8777, 58.9854__42.1943, 59.9383__42.3789, 61.0537__42.6936, 61.7867__42.3842, 62.9206__42.5946, 64.0000__42.2707, 
0.0000__41.8163, 1.2428__41.7687, 2.1555__41.7892, 3.0349__41.5722, 3.7750__41.8918, 4.8422__42.1003, 5.5346__41.9454, 7.1094__41.6304, 7.5620__41.3346, 8.6465__41.4594, 10.0631__41.6616, 11.0553__41.9257, 12.0755__42.0924, 13.3914__41.8411, 13.9549__41.8816, 15.2867__41.8462, 16.1047__41.5614, 16.5971__41.6943, 17.8112__41.9008, 18.5392__41.8462, 19.8356__41.4982, 21.2209__41.4144, 21.4862__41.4536, 22.7647__41.3080, 23.6159__41.6611, 25.1792__41.9654, 25.7898__41.8166, 26.7499__41.7786, 27.3514__41.3524, 28.7262__41.2322, 29.3522__41.6186, 30.2351__41.6279, 31.7388__41.6282, 32.5961__41.8968, 33.7412__41.7298, 34.4422__41.9756, 35.5349__41.7265, 36.9136__41.5311, 37.5173__41.2800, 38.5938__41.1738, 39.7554__41.8090, 40.9243__41.4664, 41.5123__41.3145, 42.9394__41.3372, 43.7856__41.4182, 44.9338__41.8173, 45.5351__41.6446, 46.8555__41.6416, 47.8611__41.6189, 48.7922__41.0704, 49.4960__41.5493, 50.5370__41.8826, 51.7092__41.0932, 53.0952__41.5954, 54.2570__41.2381, 54.8020__41.3901, 55.9246__41.9579, 56.5670__41.7004, 58.0518__41.4133, 59.2184__41.7666, 59.9544__41.3896, 61.1202__41.3635, 61.7797__41.7791, 63.0774__41.4012, 64.0000__41.5259, 
0.0000__40.3732, 1.1282__40.5343, 2.1338__40.6021, 3.0767__40.7039, 3.4835__40.6729, 4.8979__40.7845, 5.9689__40.5224, 6.9483__40.5416, 7.6900__40.7766, 8.7292__40.4634, 9.7346__40.4999, 10.9206__40.7162, 12.2750__40.5016, 12.9919__40.9514, 14.1085__41.1129, 15.2433__40.7873, 16.2151__40.9453, 16.6172__40.6810, 17.7723__40.6849, 18.8924__40.6091, 20.1068__40.2955, 20.8357__40.3761, 21.6415__40.3734, 22.3354__40.6280, 23.7979__40.6117, 24.7245__40.4673, 25.8806__40.9472, 26.9845__40.5212, 27.3630__40.5380, 28.7294__40.5639, 29.1826__40.3382, 30.7671__40.4765, 31.4119__40.2753, 32.4226__40.2426, 33.6683__40.6759, 34.7402__40.0970, 35.3455__40.2628, 36.8299__40.8299, 37.8182__40.7183, 38.6521__40.5385, 39.8003__39.9356, 40.6593__40.2301, 41.6609__40.4675, 42.8212__40.1569, 43.6417__40.2530, 44.7539__40.1351, 45.7707__40.3671, 46.5421__40.4333, 48.0932__40.4719, 48.7830__40.8220, 49.6516__40.3353, 50.7555__40.2237, 51.9182__40.5685, 52.8786__40.1345, 54.2498__40.6695, 54.8678__40.4758, 55.7105__40.1732, 56.8755__40.3916, 57.6623__40.7254, 59.1987__40.6521, 60.1533__40.8591, 60.7497__40.9486, 62.2321__40.3804, 62.8850__40.4333, 64.0000__40.5562, 
0.0000__39.6341, 1.0394__39.6041, 2.1891__39.5762, 2.9445__39.5164, 3.5564__39.5865, 4.7154__39.5798, 6.1964__39.6571, 6.7675__39.6272, 7.8855__39.4408, 8.4214__39.7463, 10.1149__39.6927, 10.7396__39.3420, 12.0336__39.9208, 13.0343__39.6373, 14.1760__39.6807, 15.5405__39.5948, 16.1123__39.3418, 16.8744__39.4440, 17.4879__39.4097, 19.0077__39.7193, 20.1051__39.8401, 20.9437__39.5585, 21.3883__39.8014, 22.5823__39.6126, 23.5824__39.3419, 24.7436__39.5858, 25.5949__39.3136, 27.0449__39.9473, 27.5893__39.4879, 28.4724__39.3458, 29.4602__39.6743, 30.5843__39.5590, 31.6485__39.7119, 32.3215__39.6067, 33.8697__39.1476, 34.4605__39.5843, 35.3419__39.7206, 36.6226__39.1975, 37.7785__39.4216, 38.9176__39.5801, 40.0526__39.5886, 40.5078__39.3301, 41.7878__39.3529, 42.9581__39.3433, 43.4546__39.3168, 44.6710__39.5658, 45.5779__39.5987, 46.6529__39.6309, 47.7658__39.7903, 48.8515__39.5708, 49.8871__39.8907, 50.7038__39.9121, 52.0264__39.5538, 53.3060__39.5268, 53.9882__39.2064, 54.9866__39.9501, 56.0938__39.8330, 56.4514__39.5519, 58.2875__39.3030, 58.7880__39.3144, 59.9167__39.8300, 61.1017__39.5150, 62.4352__39.4922, 62.9065__39.2572, 64.0000__39.2604, 
0.0000__38.4074, 0.8287__38.6508, 2.0992__39.0201, 3.0515__39.0760, 3.6564__38.8394, 4.7533__38.6870, 5.8471__38.8700, 6.9545__38.9456, 7.7740__39.2353, 8.6917__38.8652, 10.0363__38.8152, 10.9900__38.9889, 12.0978__38.0577, 12.9155__38.2603, 13.9374__38.6177, 15.6994__38.6892, 16.1639__38.6244, 16.9298__38.4844, 17.5681__38.4310, 18.6686__38.4144, 20.0604__38.5288, 20.8844__38.8641, 21.4049__38.7898, 22.9249__39.0189, 23.9750__38.6458, 24.6374__38.5859, 25.8895__38.6244, 26.4903__38.4351, 28.2063__38.7324, 28.3923__38.3890, 29.5205__38.2566, 30.2601__38.6294, 31.9782__38.3711, 32.4386__38.1730, 33.7598__38.4687, 34.2352__38.3833, 35.7928__38.3027, 36.7384__38.2539, 37.5029__38.1821, 38.7870__38.4458, 40.1010__38.2738, 40.4799__38.5255, 41.9835__38.3584, 42.5454__38.7337, 43.7411__38.8112, 44.5083__38.3722, 45.7272__38.4417, 46.6095__38.3855, 47.8345__38.2781, 48.8357__38.4480, 49.5090__38.5414, 51.1012__38.6269, 52.1898__38.3102, 53.0845__38.2471, 53.9549__38.9046, 54.9223__38.3183, 56.1019__38.8021, 57.3004__38.1088, 57.8569__38.3890, 58.9583__38.6639, 60.0867__38.1013, 61.1332__38.1241, 62.2704__38.3021, 62.8826__38.7061, 64.0000__38.7806, 
0.0000__37.9110, 0.6997__37.8485, 1.9087__37.7934, 3.1026__37.7974, 3.8479__37.8110, 4.5788__37.9231, 6.0272__37.7780, 6.7793__37.5904, 7.8574__37.3531, 8.8789__37.7690, 10.0463__37.6594, 11.0508__37.3052, 12.3881__37.5866, 12.6725__37.4677, 14.3624__37.3449, 15.1027__37.4562, 16.1725__37.6165, 16.9593__37.7339, 17.6575__37.7125, 18.6891__37.5811, 19.7500__37.6124, 20.8038__37.6702, 21.4741__37.9380, 23.0458__37.6078, 23.9372__38.0401, 24.7793__38.0850, 25.7781__37.6173, 26.8402__37.4836, 27.9211__37.7016, 28.7238__37.9146, 29.4459__37.6658, 30.4421__37.3716, 31.6848__37.6556, 32.9062__37.6598, 33.5679__37.0655, 34.4495__37.2860, 35.6434__37.3004, 36.7418__37.2243, 37.5339__37.1876, 38.7788__37.0307, 39.9718__37.3930, 40.8734__36.8403, 41.5566__37.2303, 42.5233__37.4539, 43.4387__37.3695, 45.1195__37.5684, 45.6830__37.1042, 46.4409__37.2919, 47.8174__37.4512, 48.5175__37.5462, 49.8549__37.6095, 50.7216__37.5704, 52.5323__37.4912, 52.7500__37.4479, 54.1083__37.0686, 54.9333__37.4968, 55.9018__37.1609, 57.0776__37.3568, 57.6400__37.5862, 59.3480__37.4578, 59.9949__37.7151, 61.3235__37.4498, 61.5813__37.6335, 63.3091__37.5375, 64.0000__37.2365, 
0.0000__37.2071, 0.8674__37.1228, 2.0223__36.8781, 2.9393__36.9973, 3.7898__37.2274, 4.8164__36.9178, 5.9659__37.0009, 7.1813__36.7912, 7.6126__36.8257, 9.0709__36.6155, 10.0926__36.3559, 11.1420__36.5254, 12.0289__36.6231, 12.9761__36.9494, 14.2914__36.7198, 14.8823__36.9921, 16.1003__36.9198, 16.8765__36.8503, 17.7064__36.9321, 18.5888__37.1459, 19.9683__36.9802, 20.4585__36.9993, 21.6498__36.9262, 23.0817__36.8960, 23.5725__36.7675, 25.1258__36.8398, 25.8111__36.8146, 26.9087__36.6817, 27.4254__36.8534, 28.9125__36.6694, 29.3759__36.8319, 30.9227__36.8509, 31.4816__36.3728, 32.8095__36.4341, 33.8252__36.7719, 34.4807__36.3374, 35.4964__36.5781, 36.8723__36.7506, 37.8478__36.2493, 38.6612__36.1278, 39.8525__35.8581, 40.4786__36.3168, 41.5173__36.3310, 42.7147__36.8249, 43.3597__36.8683, 45.1833__36.3455, 45.5364__36.6946, 46.5601__36.6887, 47.5989__36.6790, 48.8312__36.5954, 49.7801__36.3443, 50.8718__36.2863, 52.1168__36.7754, 52.9851__36.8472, 54.1512__36.7764, 54.8381__36.4382, 55.6993__36.4931, 56.4611__36.8345, 57.9317__36.3895, 58.6415__36.7878, 60.3473__36.4555, 60.8535__36.9726, 62.2859__36.5535, 63.0525__36.5068, 64.0000__37.0493, 
0.0000__36.1535, 1.0506__36.0289, 2.0049__36.1451, 2.7269__36.2820, 3.8942__36.1651, 5.1204__36.0949, 5.9487__35.8199, 7.1055__36.3188, 7.9195__35.9585, 9.2033__35.4955, 9.7989__35.8387, 11.1809__35.8240, 11.8113__35.8650, 13.0996__35.6327, 14.1111__35.9679, 14.9931__35.8303, 15.9343__36.0035, 16.9262__36.2321, 17.7656__36.1003, 18.8495__35.6103, 19.7233__36.0565, 20.9014__35.8653, 21.6877__35.5152, 22.7071__35.8927, 23.9530__35.9526, 24.6649__36.0544, 26.1159__36.0576, 26.5321__36.3002, 27.9607__36.0991, 28.6037__36.0986, 29.9335__35.7725, 30.5878__35.5175, 31.8053__36.0241, 32.8622__35.5585, 33.6133__35.3171, 34.6282__35.9189, 35.4067__35.6292, 37.0315__35.6125, 38.0064__35.9526, 39.0419__35.4662, 39.7245__35.4251, 40.4491__35.2262, 41.0663__35.2308, 42.6370__35.2562, 43.6397__35.2409, 44.8263__35.8576, 45.6191__35.2922, 46.3876__35.3891, 47.8225__35.4443, 48.6351__35.4979, 50.0633__35.5659, 50.8070__35.3208, 51.6477__35.4183, 53.0524__35.6557, 53.8978__35.8677, 55.2185__35.9187, 55.4655__35.6474, 57.1636__35.6322, 57.8487__35.5989, 58.7991__35.2018, 59.9747__35.9077, 60.6681__35.9822, 62.0210__35.8461, 62.8924__36.2377, 64.0000__35.7307, 
0.0000__34.5263, 0.9991__34.6659, 1.6634__34.8368, 3.1491__34.6187, 3.8714__34.4124, 4.8560__34.7579, 6.0749__35.1792, 6.8579__34.7605, 8.3185__34.9953, 9.1474__35.0891, 9.8764__34.8397, 11.1856__34.8444, 11.9967__34.5967, 12.8190__34.9190, 14.2578__34.6851, 15.0258__34.6142, 15.5931__34.7365, 16.9474__34.8160, 17.9006__34.8906, 18.9505__35.1364, 19.8308__34.5345, 20.6491__34.5338, 21.7259__35.0775, 22.6458__34.5945, 23.9222__34.6496, 24.8799__34.3836, 25.3710__34.7669, 27.0137__34.6580, 27.6724__34.9230, 28.9493__34.8904, 29.9311__35.0783, 30.9505__35.0555, 31.5836__34.3119, 33.1004__34.8445, 33.6717__34.7538, 34.3832__34.5310, 36.0717__34.6084, 36.6600__34.3770, 37.9038__34.4043, 39.1785__34.8630, 39.8850__34.5618, 40.6325__34.8773, 41.5215__34.1393, 42.2571__34.0162, 43.3006__34.8353, 44.7817__34.3185, 45.7773__34.6485, 46.3973__34.4808, 47.6413__34.8109, 49.0098__34.5354, 49.6167__34.2789, 50.9565__34.6457, 51.4489__34.6929, 52.8850__34.8134, 53.8747__34.7409, 55.2702__34.6610, 55.9492__34.6603, 56.9740__34.5034, 57.9674__34.4446, 58.8275__34.6377, 59.4493__34.5587, 61.1607__34.9102, 61.8357__34.6679, 62.8099__34.4848, 64.0000__35.1048, 
0.0000__33.8912, 0.6344__34.1912, 2.0287__34.0465, 3.1704__33.7658, 3.8292__33.8837, 4.7645__33.8044, 6.0475__33.4930, 6.7628__33.9383, 8.2961__33.7354, 8.8124__33.5458, 10.2925__33.7703, 11.1902__33.5545, 12.1185__33.6167, 12.6978__33.4146, 14.2747__34.0175, 15.0671__34.0362, 15.6305__33.8710, 16.7453__33.9552, 18.1094__33.7745, 18.9904__33.1782, 19.8698__33.6477, 20.7090__33.4596, 21.5164__33.4362, 23.1115__33.6409, 23.7513__33.5525, 24.7970__33.9967, 25.5245__33.5369, 26.5960__33.5254, 27.4337__33.9135, 29.0552__33.9498, 30.0673__33.5178, 30.9503__33.6209, 32.0466__33.8758, 32.7817__33.2497, 33.3855__33.4403, 34.8518__33.6039, 35.8357__33.2918, 36.8885__33.3381, 37.4940__33.4399, 39.0719__33.4238, 39.9757__33.3728, 40.5679__33.0522, 41.7146__33.3924, 42.3162__33.3170, 43.5959__33.0897, 44.5376__33.6773, 45.6637__33.6534, 46.6522__33.8494, 47.7137__33.2988, 49.0922__33.9566, 50.0546__33.7135, 50.3917__33.5635, 51.8571__33.8067, 52.5529__33.5091, 54.3009__33.5963, 54.9649__33.6737, 56.2640__33.5186, 56.7315__33.5298, 57.9219__33.7934, 58.6019__33.9739, 59.7339__34.1514, 60.7995__33.9042, 62.2169__34.0731, 62.7318__34.0078, 64.0000__33.6588, 
0.0000__33.3227, 0.6555__32.9914, 2.1404__33.1285, 3.2630__33.1416, 3.6245__33.0199, 5.0275__33.1151, 5.9401__33.2408, 7.0829__32.6652, 7.8355__32.6928, 9.4325__32.7084, 9.9269__32.6152, 11.3466__33.0079, 12.2318__32.6512, 12.6543__32.7221, 13.9034__32.6119, 15.1904__32.6165, 15.5968__32.6905, 16.9732__32.5499, 18.0963__32.5694, 19.1568__32.6924, 19.5637__32.3706, 20.5759__32.6614, 21.4826__32.9828, 22.9627__32.8253, 23.8413__33.0460, 24.5495__32.6128, 26.1801__32.7957, 26.2980__32.5435, 28.0192__32.4779, 28.5463__32.4699, 30.3709__33.0786, 30.9444__32.6699, 31.9528__32.2736, 32.8893__32.9664, 33.6694__32.3830, 34.7831__32.2783, 35.9629__32.4612, 36.4783__32.5419, 38.0526__32.4441, 38.9058__32.1871, 39.7751__32.4737, 40.6771__32.7678, 41.2938__32.5849, 42.6937__32.3674, 43.2181__32.6463, 44.8025__32.3503, 45.3550__32.4013, 46.7851__32.3777, 47.5976__32.7222, 48.9585__32.4551, 50.0055__32.6056, 50.4417__32.7733, 51.8905__32.6327, 52.6665__32.7773, 54.3054__32.4910, 54.8532__32.4535, 56.3056__32.6366, 56.6824__32.7123, 57.5638__32.6798, 58.5843__33.0228, 59.8622__32.7966, 60.9083__32.9196, 62.2079__32.5559, 62.7975__32.5802, 64.0000__32.9354, 
0.0000__32.2429, 0.8063__32.3938, 2.1928__32.1455, 3.2459__32.4705, 4.0559__32.1415, 4.6901__31.7845, 6.0886__31.6579, 7.3612__31.9661, 8.1105__31.5126, 9.2605__31.8915, 9.9368__32.0652, 11.2241__31.6130, 12.1923__32.1525, 12.8762__31.7946, 14.1003__31.4974, 14.6718__31.7602, 15.9394__31.7989, 16.8164__31.6802, 18.0907__31.7920, 18.9977__31.7719, 19.6839__32.1396, 20.2957__31.9752, 22.0675__31.6045, 22.6326__31.4781, 23.9113__31.5120, 25.1297__31.3412, 25.8204__31.4436, 26.6720__31.6758, 27.7205__31.4582, 28.5603__31.7458, 29.6387__31.6311, 31.5468__31.6264, 31.6159__31.5900, 33.1148__31.2654, 33.8796__31.6071, 34.6659__31.6897, 36.0111__31.7340, 36.5822__31.5639, 38.0154__31.6904, 38.9504__31.8136, 39.6219__31.6397, 40.5647__31.6581, 41.8731__31.6251, 42.4011__31.6623, 43.5827__31.3462, 44.4583__31.5315, 45.4592__31.6908, 46.5524__31.8237, 47.6725__31.5354, 48.9890__31.4775, 49.4631__31.7153, 50.8872__31.4968, 51.7710__31.3415, 52.9553__31.1954, 53.7758__31.6485, 55.1382__31.6774, 55.6544__31.8306, 56.9502__32.1546, 57.6482__31.7025, 58.6015__31.6022, 59.8140__31.8950, 61.2894__31.3546, 61.7484__31.5173, 63.1724__31.6205, 64.0000__30.9591, 
0.0000__31.2438, 0.9563__30.8587, 1.9375__31.1330, 3.3310__31.0088, 3.8999__31.0909, 5.0798__31.2502, 6.2067__30.8557, 7.2954__30.4326, 8.3104__30.5964, 8.7648__30.5091, 9.9322__30.5671, 11.1196__31.1663, 11.9573__30.8783, 13.3993__30.9225, 13.9184__30.9893, 15.0148__30.7089, 15.8944__30.5161, 16.8770__30.5719, 17.9803__30.4482, 18.6690__30.8644, 19.9496__30.5312, 20.9085__30.4801, 21.5912__30.9302, 23.2430__30.6252, 23.3847__30.2967, 25.2612__30.5125, 25.4753__30.6775, 26.9837__30.4333, 27.3990__30.6372, 28.7317__30.6786, 30.0389__30.2238, 31.0115__30.7418, 31.8794__30.6465, 32.7364__30.5321, 33.7118__30.6847, 34.8239__30.3765, 35.8533__30.3371, 36.9248__30.4960, 37.7406__30.2213, 38.7810__30.1528, 39.8478__30.3799, 40.6515__30.1635, 41.4627__30.4872, 42.5711__30.6234, 43.6942__30.6977, 44.2607__30.6356, 45.5632__30.7362, 46.3690__30.6649, 48.0595__30.6927, 48.5376__30.8478, 50.0222__30.8638, 50.9328__30.4313, 51.8538__30.2930, 52.5469__30.6484, 53.7757__30.6576, 54.6926__31.0340, 55.8214__31.1288, 56.9043__30.5164, 57.9327__30.5976, 58.2040__30.6918, 60.0905__30.6409, 61.2887__31.1147, 62.0955__30.4905, 63.2194__30.1054, 64.0000__30.6452, 
0.0000__29.5902, 0.9035__29.9975, 2.2705__29.4611, 3.1222__30.1091, 4.2074__29.9950, 5.1703__29.5789, 6.0873__29.7917, 7.3270__30.0564, 8.1512__30.0518, 9.0845__29.8093, 9.5575__29.8008, 11.0409__29.6042, 12.3351__29.7290, 12.9905__29.6961, 14.1239__29.7598, 15.0510__29.8075, 15.9397__29.9073, 16.9049__29.7429, 17.8999__29.9251, 18.6982__29.5487, 20.0893__29.5438, 20.6611__29.7826, 22.0349__29.2888, 22.9189__29.7623, 24.1626__29.6421, 24.6576__29.1807, 25.7161__29.4808, 26.7760__29.7421, 27.6278__29.5373, 28.7444__29.2346, 29.9670__29.5946, 30.7992__29.3801, 31.8985__29.6016, 32.7555__29.7444, 34.0208__29.6471, 34.8237__29.6823, 35.8839__29.5526, 36.5552__29.7731, 38.3028__29.5969, 38.4627__29.4194, 39.9586__29.4260, 40.4428__29.7319, 41.6282__29.5601, 42.2807__29.4158, 43.8203__29.4788, 44.2570__29.4951, 45.6847__29.4665, 46.5782__29.2461, 47.4997__29.6029, 48.8072__29.7421, 49.7277__29.6589, 51.2890__29.7947, 51.6520__29.7874, 52.4971__29.8382, 53.8049__30.0859, 54.7456__29.6287, 55.7386__29.5869, 57.1010__30.0314, 57.7226__30.1413, 58.6575__29.8780, 59.7185__29.5487, 60.9855__29.7100, 62.6817__29.8218, 63.1826__29.7244, 64.0000__29.4841, 
0.0000__29.0749, 1.0215__28.5334, 1.7425__28.7994, 3.1167__28.8040, 4.3954__29.2376, 5.5464__29.2218, 5.8721__28.8336, 7.2591__28.9409, 8.3789__29.2117, 9.0562__29.2544, 10.0279__29.1287, 11.1329__28.8401, 12.2787__28.9005, 13.1943__28.8837, 14.2626__28.5599, 14.8487__28.5193, 15.9184__28.4628, 16.9931__28.6009, 17.8149__28.3123, 19.1989__28.3703, 19.6452__28.3581, 20.8645__28.3599, 21.8567__28.9509, 22.8082__28.8713, 24.1362__28.3853, 24.6453__28.6169, 25.5945__28.4979, 26.7764__28.3772, 27.7683__28.6326, 29.0174__28.5459, 29.6739__28.2957, 30.9968__28.6509, 31.5708__28.5246, 32.8852__28.6399, 33.7404__28.9599, 35.1051__28.7410, 35.5873__28.8582, 37.1723__28.4601, 37.7511__28.7176, 38.8490__29.0048, 39.8165__28.5885, 40.3800__28.4870, 41.8557__28.6548, 42.4290__28.3686, 43.7452__28.3320, 44.1968__28.4227, 45.7373__28.5231, 46.7206__28.4415, 47.2372__28.3140, 48.6763__28.6894, 49.9403__28.6068, 50.7249__28.8416, 51.9768__28.9901, 52.5630__28.6036, 53.5610__28.5918, 55.1046__28.9912, 55.7833__28.6904, 56.9195__28.4059, 57.6114__28.5588, 58.9788__28.9299, 59.7760__28.8937, 61.2021__28.6214, 62.3030__28.6124, 63.0696__28.7767, 64.0000__29.1891, 
0.0000__27.8911, 1.2146__28.1240, 1.7994__27.6067, 2.9987__27.9070, 3.9639__28.0984, 5.4061__28.2374, 6.2488__28.1790, 6.8838__27.7066, 8.0774__28.1163, 9.0329__28.0202, 10.3803__27.8253, 10.9786__27.9536, 12.1604__28.0612, 13.3625__27.7797, 14.1173__28.1431, 15.2585__27.9277, 15.6750__27.7819, 17.3308__27.7072, 17.8967__27.5380, 18.9179__27.7160, 19.7906__27.8164, 20.6313__27.7430, 21.9307__27.4418, 23.0967__27.6731, 24.1079__27.7977, 24.5741__27.6413, 25.8568__27.6610, 26.5466__27.6475, 28.1393__27.3033, 28.8965__27.1417, 29.6174__27.4437, 30.8621__27.2218, 31.6324__27.4196, 32.4294__27.7439, 33.8926__27.6899, 35.0579__27.9158, 35.8754__27.5186, 36.9267__27.6395, 37.7677__27.6380, 38.6384__27.3304, 40.0082__27.9413, 40.5602__27.7764, 42.0086__27.4062, 42.5689__27.2705, 43.3015__27.4799, 44.5738__27.4954, 45.3393__27.2772, 46.7203__27.7507, 47.3653__27.8599, 48.8200__27.2214, 49.4018__27.5365, 50.8991__27.7084, 51.6757__27.5903, 52.8718__28.0377, 53.5486__27.8024, 54.8976__27.6466, 55.9409__27.9057, 57.0832__27.8672, 57.7555__27.6245, 58.6799__27.4618, 59.8639__27.5288, 61.2386__27.6800, 62.1396__27.9392, 63.3025__27.5833, 64.0000__27.1519, 
0.0000__26.9474, 1.1766__26.7194, 2.0346__27.2203, 2.8597__26.8933, 4.2579__26.9825, 5.0349__26.8913, 6.1242__26.6393, 6.9212__26.9912, 8.0364__27.0300, 9.2946__26.7791, 10.0214__26.9101, 11.2234__26.9694, 12.3050__26.5352, 13.2507__26.5658, 14.2105__26.2057, 14.8534__26.6092, 16.0362__26.8459, 16.9797__26.9246, 18.2344__27.0081, 18.7207__26.7159, 19.8459__26.9208, 21.2531__26.3360, 21.7214__26.4393, 23.1562__26.4544, 23.9048__26.5850, 24.4867__27.1670, 26.1210__26.7814, 26.7493__26.2514, 27.8537__26.6178, 29.0901__26.8402, 29.5944__26.3357, 30.7734__26.5564, 31.3505__26.7260, 32.8401__26.4104, 33.6867__26.2544, 34.7421__26.5293, 36.1797__26.9874, 37.0684__26.3120, 38.0222__26.3386, 38.4955__26.5487, 39.9022__26.4029, 40.7883__26.3617, 41.7482__26.7147, 42.7242__26.9307, 43.3372__26.5576, 44.8154__26.5266, 45.4837__26.3294, 46.2997__26.2009, 47.6464__26.2163, 48.6955__26.8702, 49.6379__26.5675, 50.8093__26.5669, 51.7948__26.5798, 52.7411__26.2865, 53.5682__26.6066, 54.8365__26.8109, 56.1134__26.4488, 56.7580__26.5842, 57.9587__26.9767, 58.8168__26.8380, 59.9961__26.5038, 60.8951__26.4544, 62.2090__26.4279, 63.3267__26.6310, 64.0000__27.0104, 
0.0000__25.3709, 0.7406__25.7301, 1.9146__25.6945, 3.1728__25.8501, 4.1197__25.6334, 5.4208__25.6641, 5.8881__25.6835, 6.9359__25.6815, 8.0868__25.7186, 9.2202__25.8883, 10.2966__25.6009, 11.2849__25.5745, 12.2257__25.9732, 13.3544__25.6496, 14.0714__25.9878, 14.8492__25.7754, 16.0093__25.4206, 16.9276__25.4351, 18.0052__25.8184, 18.9844__26.1540, 20.0025__25.3731, 21.2012__25.8041, 21.7559__25.5674, 22.9182__25.3171, 23.4099__25.8977, 24.8121__25.7723, 26.1979__25.8683, 27.0215__26.0143, 27.7596__25.5569, 29.0757__25.5277, 29.6642__26.0279, 30.6676__25.8701, 31.5970__25.6941, 32.9744__25.6478, 33.5737__25.8516, 35.1624__25.3667, 35.7917__24.9953, 37.1107__25.6925, 37.7663__25.9494, 38.7771__25.7471, 39.8327__25.7220, 40.9452__25.6762, 41.6456__25.2670, 42.6006__25.1793, 43.6924__25.5824, 44.8987__25.0938, 45.0585__25.2631, 46.7915__25.3140, 47.1538__25.2748, 48.6495__25.2417, 49.8073__25.5055, 50.5324__25.5377, 51.7350__25.7221, 52.6950__26.1220, 53.5372__25.8699, 54.9437__25.5957, 55.9392__26.0371, 56.7939__25.9960, 57.8898__25.4360, 58.9963__25.4293, 59.9461__25.7475, 61.2655__25.5584, 61.9809__25.3728, 62.7582__25.9271, 64.0000__25.7943, 
0.0000__25.1324, 0.8330__24.6738, 2.1443__24.5981, 3.1556__24.2526, 4.2616__24.3888, 5.0972__24.5290, 5.8255__24.4181, 6.9516__24.5726, 7.9592__24.6566, 9.3697__24.4706, 10.2085__24.5487, 11.3215__24.7407, 12.0547__24.2628, 13.4816__24.6448, 13.7738__24.3873, 15.4330__24.6936, 15.9728__24.5250, 16.6921__24.7936, 17.6401__25.0124, 19.2001__24.5652, 20.0569__24.8711, 20.8449__24.7353, 21.9842__25.0081, 22.7914__25.1318, 23.5029__24.7510, 24.9515__24.7162, 25.8548__24.7300, 27.1418__24.5817, 28.0205__24.8725, 28.5401__25.0442, 29.9063__24.6780, 30.5666__24.7845, 32.0070__24.7983, 32.7153__24.7188, 34.1433__24.2628, 34.9890__24.4734, 35.9350__24.6920, 36.5583__24.2395, 37.8720__24.3167, 38.8011__24.5391, 40.1096__24.2604, 40.7113__24.2018, 41.9367__24.5740, 42.6186__24.2782, 43.7719__23.7771, 44.3245__24.7124, 45.5937__24.4312, 46.2686__24.4429, 47.5972__24.4974, 48.4273__24.1547, 49.3556__24.5003, 50.5191__24.6544, 51.3321__24.8819, 52.7653__24.4898, 53.7607__24.4944, 54.8041__24.5762, 55.7689__24.4831, 56.9659__24.7402, 58.1892__24.7681, 58.7016__24.7636, 60.3828__24.4088, 61.2799__24.3313, 61.9480__24.4241, 62.6465__24.3921, 64.0000__24.7433, 
0.0000__23.4135, 1.4036__23.4912, 2.0455__23.1723, 3.3871__23.2074, 3.8779__23.2938, 5.2089__23.8302, 5.9149__23.6590, 6.7912__23.4806, 8.0074__23.4180, 9.4099__23.5879, 10.0286__23.6417, 11.6309__23.6980, 12.3834__23.4766, 13.2473__23.5278, 14.2841__23.6490, 14.8144__23.3417, 16.0105__23.7837, 16.3657__23.8798, 18.0129__23.8625, 19.0176__24.1724, 20.0565__24.0002, 20.7016__24.0702, 21.7031__24.1922, 22.9517__24.0017, 23.6806__24.0586, 25.0175__23.8640, 25.8080__23.8099, 27.0607__24.0019, 27.7784__24.0811, 28.8513__23.7185, 29.8994__23.8682, 30.7051__23.6724, 31.9567__23.5309, 32.9836__23.3469, 34.1668__23.5856, 35.0823__23.1819, 35.7084__23.1211, 36.9705__23.3547, 37.3650__23.4216, 39.2161__23.3530, 39.8090__23.6071, 41.0705__23.5259, 41.5350__23.1473, 42.8945__23.4792, 43.7448__23.5385, 44.2147__23.1531, 45.6053__23.7249, 46.2708__23.6783, 47.3787__23.0883, 48.2601__23.7899, 49.4670__23.7078, 50.2982__23.7666, 51.8244__23.6421, 52.6648__23.7143, 54.0365__23.5511, 54.8118__23.1756, 55.5251__23.3754, 56.7863__23.5599, 58.0434__23.9544, 59.3110__23.4631, 60.1767__23.7921, 61.3962__23.9697, 61.8708__23.5997, 62.6070__23.8462, 64.0000__23.6317, 
0.0000__22.5718, 1.2962__22.6976, 2.3212__22.6447, 3.0712__22.6211, 3.9264__22.8992, 4.9925__22.5077, 6.2535__22.7727, 6.9511__22.4756, 7.9690__22.2674, 8.8298__22.7603, 10.5687__22.6820, 10.9764__22.7187, 12.7347__22.8772, 13.1254__22.5098, 14.0425__22.7276, 15.2022__22.8229, 15.6050__22.4144, 16.7391__22.5935, 17.5597__22.6749, 19.0347__22.6862, 20.0519__23.0940, 20.7458__22.9958, 22.0081__22.7404, 22.6966__22.9074, 24.0316__22.6349, 24.6553__22.8128, 26.0823__22.9334, 26.6777__22.7842, 28.2556__22.7718, 28.9570__22.6386, 29.7818__22.4700, 31.0065__22.5556, 32.0506__22.2866, 33.0182__22.3482, 34.1737__22.0005, 35.0392__22.0701, 35.7390__22.1002, 36.3326__22.2088, 37.8421__22.4026, 38.9149__22.2146, 39.7103__22.2960, 40.9918__22.3970, 41.6012__22.7162, 42.6163__22.5278, 43.6931__22.7932, 44.7285__22.9789, 45.0599__22.5872, 46.9678__22.5625, 47.2706__22.5697, 48.1998__22.3942, 49.4574__22.7925, 50.6903__22.4803, 51.4610__22.5106, 53.0289__22.3489, 53.8301__22.1891, 54.8339__22.4885, 55.3182__22.4721, 56.6289__22.8057, 57.7924__22.8095, 59.2118__22.9986, 59.8867__23.1190, 61.5027__22.8172, 62.0047__22.8896, 62.5511__22.6665, 64.0000__23.0151, 
0.0000__21.2195, 0.8286__21.3568, 2.3523__21.6812, 3.0286__21.6365, 4.1403__21.2435, 4.9164__21.5221, 5.9493__21.6321, 7.2114__21.6049, 7.9316__21.5765, 9.1601__21.2293, 10.0069__21.5600, 11.2990__21.6994, 12.2625__21.5694, 13.3663__21.9729, 14.2227__21.3747, 14.8907__21.5525, 16.0677__21.8017, 16.3226__21.5364, 17.7123__21.8543, 19.0590__21.4212, 19.5988__21.4383, 21.0413__21.8211, 21.9639__21.8363, 22.8957__21.5480, 23.7793__21.8462, 24.9919__21.5626, 25.7331__21.5126, 27.1657__21.5511, 27.8129__21.4291, 29.1095__21.8510, 30.1004__21.5177, 30.7665__21.3363, 32.3533__21.4134, 32.8290__21.2489, 34.3492__21.4137, 34.7340__21.4338, 35.7356__21.6041, 36.3988__21.4820, 37.7749__21.7353, 38.9106__21.9395, 39.7014__21.7358, 40.8622__21.7887, 41.7197__21.5740, 42.4498__21.7121, 43.7463__21.6254, 44.5285__21.4245, 45.7183__21.6770, 46.2706__21.5280, 47.3679__21.5320, 48.3723__21.4495, 49.2806__21.3011, 50.7028__21.8388, 51.6833__21.4637, 52.9492__21.4513, 53.8946__21.4845, 54.4164__21.4181, 55.5423__21.7405, 56.3398__21.5749, 57.9616__21.8583, 59.0427__21.5108, 60.0072__21.3094, 61.0419__21.9292, 62.0332__21.9825, 62.6285__22.0965, 64.0000__21.5924, 
0.0000__21.0351, 1.0119__20.6654, 2.1466__20.3793, 3.2032__20.4021, 4.1787__20.6004, 4.9359__20.3146, 6.1394__20.1292, 7.0645__20.1025, 7.9193__20.1500, 9.0619__20.7472, 10.3418__20.2144, 10.9248__20.1131, 12.2239__20.6531, 13.2907__20.1430, 14.2404__20.9680, 14.9768__20.7182, 15.8466__20.4749, 16.4840__20.7739, 17.4930__20.2892, 19.1839__20.6840, 19.6558__20.5748, 20.9447__20.2953, 21.3919__20.3965, 23.3145__20.6506, 23.6320__20.3154, 24.9917__20.7633, 25.7427__20.7761, 27.1991__20.4919, 27.8659__20.5339, 28.9789__20.3122, 30.1089__20.9344, 31.3457__20.5505, 32.0300__20.4326, 32.9471__20.7621, 34.1325__20.6141, 34.7897__20.6907, 35.7396__20.4965, 36.6478__20.6014, 37.2710__20.7410, 39.1147__20.9640, 39.9714__20.7348, 40.7192__20.8602, 41.6813__21.4141, 42.6789__21.0863, 43.7312__21.1196, 45.0447__20.8781, 45.4045__20.5543, 46.5760__20.7932, 47.1221__20.6362, 48.6356__20.8945, 49.3585__20.8367, 50.7002__20.4437, 52.0834__20.3394, 52.7025__20.2380, 53.6451__20.7427, 54.8344__20.5991, 55.0814__20.4996, 56.8669__20.9121, 57.5769__20.4932, 59.4700__20.7808, 59.8905__20.6919, 61.0874__20.6470, 61.8636__20.7537, 63.0064__20.4806, 64.0000__20.5973, 
0.0000__19.5166, 1.4786__19.4743, 2.2812__19.0920, 2.8162__19.2301, 4.1441__19.4896, 5.1064__19.6702, 6.1974__19.5657, 7.0932__19.4850, 7.6881__19.5949, 8.9881__19.3263, 10.6614__19.3175, 10.8099__19.2034, 12.2835__19.1840, 13.3046__19.5279, 13.8909__19.1659, 15.0406__19.6991, 15.6626__20.0103, 16.6826__19.6502, 17.6397__19.8240, 19.1646__19.4532, 19.8852__19.3590, 20.7774__19.8153, 21.8636__19.5456, 22.6480__19.3280, 24.0015__20.0386, 24.7452__19.3672, 26.1026__19.3358, 26.9452__19.4685, 28.0072__19.4274, 28.7300__19.6063, 30.0697__19.3473, 31.1776__19.9338, 32.0887__20.0906, 32.8818__19.5923, 34.0356__20.0377, 34.7489__20.0634, 36.0947__19.7237, 36.2760__19.7050, 37.8315__19.7526, 38.5417__19.5256, 39.9179__19.9961, 40.4346__20.2325, 41.7814__19.6573, 42.7832__20.0468, 44.0835__19.5801, 44.9551__19.6577, 45.5050__19.9226, 46.6249__19.5485, 47.2554__19.5045, 48.3372__19.4207, 49.5755__19.3729, 50.7867__19.4383, 51.9375__19.6366, 52.6467__19.8968, 53.6807__19.3412, 54.6006__19.6956, 55.3518__19.8596, 56.6143__19.3546, 58.0797__19.4440, 58.8096__19.3075, 60.1513__19.4821, 60.7730__19.5544, 62.0201__19.6130, 63.0758__19.6871, 64.0000__19.4534, 
0.0000__18.5893, 1.5228__18.4830, 2.3519__18.5111, 2.8545__18.3076, 4.1221__18.1580, 4.8813__18.2979, 6.1177__18.4908, 6.9540__18.8132, 8.0725__18.5090, 9.2278__18.2252, 10.3643__18.5043, 11.2544__18.3737, 11.9469__18.2277, 12.9456__18.5742, 14.1118__18.8524, 14.4299__18.6904, 15.9522__18.6465, 16.9358__18.5741, 17.9255__18.1854, 19.0101__18.3367, 19.5259__18.5866, 21.1059__18.2315, 21.9934__18.8171, 22.9082__18.5822, 23.7924__18.2647, 25.0710__19.0170, 26.2526__18.5801, 26.7270__18.5625, 28.2193__18.5946, 28.7497__18.2460, 29.7128__18.7483, 30.7408__18.9159, 32.2669__18.5031, 32.8287__18.7922, 34.0027__18.4722, 35.0130__18.1030, 35.5684__18.7786, 36.7083__18.9041, 37.4402__18.5759, 38.8902__18.7428, 39.2750__18.5318, 40.8505__18.5940, 41.8723__18.6949, 42.8996__18.1848, 43.6874__18.5980, 44.8802__18.6809, 45.2855__18.4795, 46.9066__18.7014, 47.0860__18.6526, 48.8824__18.5307, 49.3627__18.1939, 50.6774__18.3445, 51.7333__18.3145, 52.4655__18.2384, 53.9176__18.5074, 54.0375__18.5397, 55.8439__18.5975, 56.5143__18.7538, 58.1801__18.6068, 58.7595__18.6049, 59.9361__18.6805, 60.8931__18.7724, 62.1396__18.4506, 63.0938__18.2695, 64.0000__18.4299, 
0.0000__17.2165, 1.3173__17.5294, 2.3605__17.4765, 3.3594__17.2655, 3.8456__17.2838, 5.1334__17.2874, 5.8295__17.1415, 6.8136__17.2081, 8.2358__17.5528, 9.1814__17.6810, 10.2491__17.5640, 11.1772__17.6739, 11.9792__17.8165, 12.7751__17.6093, 13.9340__17.7495, 15.0142__18.1311, 16.0419__17.5340, 16.9637__17.6443, 18.0405__17.8362, 18.8618__18.0047, 19.9216__17.4345, 20.9421__17.4721, 21.4449__17.6580, 22.8107__17.3609, 23.6179__17.9387, 25.1727__17.0591, 26.0552__17.6870, 27.0718__17.4726, 27.8787__17.4255, 28.8604__17.8986, 29.3461__17.7023, 31.1647__17.8596, 32.2384__17.8286, 32.7795__17.5575, 34.3178__17.6540, 35.0689__17.5697, 35.3218__17.4118, 36.9109__17.9185, 37.9431__17.5294, 38.5642__17.4444, 39.4221__17.8867, 40.8527__17.5363, 41.9300__17.2399, 42.7340__17.6924, 43.8427__17.3252, 44.4575__17.2896, 45.5915__17.6138, 46.5946__17.8331, 47.3837__17.9668, 48.8704__17.7176, 49.5706__17.7857, 50.7260__17.3904, 51.7464__17.3280, 52.4786__17.2843, 53.2905__17.6744, 54.6285__17.8390, 55.1930__17.5374, 56.7940__17.6992, 57.9941__17.9220, 58.9597__17.8874, 59.9760__17.4963, 60.7161__17.5449, 62.2189__17.9791, 63.2474__17.8453, 64.0000__17.6015, 
0.0000__16.4619, 0.9778__16.5766, 2.6829__16.3582, 2.9607__16.5108, 4.3343__16.4594, 4.9770__16.1737, 5.9234__16.4489, 7.0874__16.0790, 7.8877__15.9676, 8.9291__16.3207, 10.0905__16.8564, 11.1411__16.8308, 11.9674__16.9412, 13.0250__16.9269, 13.6072__16.7796, 15.1244__16.4885, 16.0564__16.5827, 16.7603__16.6865, 17.4932__16.4741, 18.9790__16.6824, 20.1091__16.4866, 20.4465__16.6801, 22.2404__16.8216, 22.5405__16.6144, 24.0502__16.1370, 25.0916__16.5158, 25.8058__16.3149, 26.8109__16.5104, 27.9528__16.6820, 28.6620__16.3541, 29.7168__16.7046, 30.7856__16.6337, 32.3715__16.9006, 33.1041__16.7556, 34.2417__16.4312, 34.9792__16.6082, 35.7449__16.6726, 36.5292__16.1692, 37.4336__16.5024, 38.5743__17.0511, 39.3523__16.5009, 40.9880__16.8335, 41.9510__16.9285, 42.7569__16.4406, 43.8632__16.7668, 44.5730__16.5820, 45.2172__16.4661, 46.3744__16.9803, 47.7636__16.4517, 48.4716__16.5776, 49.7120__16.5139, 50.7508__16.7527, 51.6981__16.8408, 52.5932__16.7786, 53.1201__16.5187, 54.6311__16.7737, 55.4922__16.7723, 56.3456__16.4944, 57.8101__16.9099, 59.2067__16.7005, 59.9058__16.8882, 60.8629__16.7963, 61.8078__16.6207, 63.3645__16.8999, 64.0000__17.0304, 
0.0000__15.2432, 1.0963__15.1343, 2.3952__15.8328, 3.2721__15.6020, 4.0249__15.5328, 5.3292__15.6740, 5.8846__15.2390, 7.0305__15.5439, 7.9953__15.5953, 8.7496__15.4157, 10.0556__15.1519, 10.9075__15.4129, 11.7414__15.7251, 13.0738__15.7348, 13.8176__15.6337, 15.0782__15.8615, 16.2293__15.6550, 16.8657__15.8105, 17.7936__15.5982, 18.5737__15.2815, 20.0795__15.9310, 20.7983__15.5755, 21.7826__15.4195, 22.8788__15.7988, 24.1957__15.7172, 24.8518__15.6340, 25.9497__16.1000, 26.7374__15.8242, 27.8885__15.6090, 28.8216__15.7622, 29.5292__15.5125, 30.8792__15.6932, 32.1397__15.5581, 33.1664__15.7298, 34.1960__15.9880, 34.9042__15.9044, 35.8465__15.8353, 36.5705__15.9609, 37.3140__15.7005, 38.6994__15.5970, 39.4867__15.7721, 40.5995__15.7333, 42.0144__15.8370, 43.0394__15.8917, 43.5843__15.6111, 44.5157__15.9677, 45.3410__16.0337, 46.5374__15.4197, 47.7463__15.7398, 48.1953__15.8152, 49.7817__15.9213, 50.3993__15.9921, 51.9331__16.1067, 52.6148__16.0352, 53.4944__16.0206, 54.2978__15.8140, 55.8055__16.0455, 56.6890__15.6810, 57.7582__15.3386, 58.8426__15.8830, 59.7612__16.1877, 60.9747__16.3051, 61.8094__16.2928, 63.0723__16.3410, 64.0000__16.5058, 
0.0000__14.2720, 1.1099__14.3234, 2.1478__13.9052, 3.3506__14.6224, 4.0152__14.5766, 5.0461__14.5034, 6.1200__15.1230, 7.0467__14.4643, 7.7877__14.3550, 8.9875__14.5292, 9.8849__14.5421, 10.7498__14.6154, 11.7898__14.6612, 13.1718__14.4704, 13.7357__14.4506, 14.8400__14.5581, 16.2675__14.7079, 16.6230__14.6879, 18.2217__14.8284, 18.6492__14.5809, 19.7688__14.7029, 21.0360__15.2509, 21.8024__14.8501, 22.6118__14.6678, 24.1327__14.9423, 24.8512__15.1207, 25.8726__14.7539, 27.2331__15.2690, 27.9936__15.0429, 28.6196__14.8157, 29.8409__15.0038, 30.6867__14.6796, 32.1482__14.9563, 32.9071__14.9503, 34.1364__14.9717, 34.9735__15.0815, 35.8563__15.1143, 36.7447__14.7841, 37.3628__15.0406, 38.6480__15.1641, 39.4998__14.8371, 40.5036__14.9641, 42.1980__14.6469, 42.4842__14.8931, 43.9827__15.1174, 44.1902__14.6979, 45.7964__14.9085, 46.7529__14.9341, 47.4546__14.7995, 48.5846__14.7354, 49.1928__14.6821, 50.7553__14.8786, 51.6990__14.8243, 52.6382__15.0759, 53.5641__14.9792, 54.6982__14.8661, 55.4420__14.5896, 56.9069__14.9416, 57.6809__15.0635, 58.4910__15.0685, 59.8288__15.1151, 60.7540__15.1483, 62.1553__15.0208, 63.0926__14.6986, 64.0000__14.6156, 
0.0000__12.9184, 1.0830__12.8534, 1.7919__13.3423, 2.5917__13.6503, 4.4663__13.8238, 4.7524__13.7003, 6.0652__13.2180, 7.4232__13.5116, 7.6034__13.5005, 9.1531__13.8385, 9.9735__13.5572, 10.5478__13.4636, 11.8653__13.6314, 13.2791__13.3171, 13.7232__13.2045, 14.6033__13.3213, 15.8763__13.7603, 16.9605__13.8264, 17.9040__13.7608, 18.8959__14.1668, 19.8372__13.9706, 20.6595__13.5388, 22.1871__14.0277, 22.7879__13.7965, 23.7151__13.7543, 25.1075__13.6327, 25.7805__13.9024, 27.1599__13.5992, 28.1008__14.3072, 28.9945__14.0838, 29.8218__13.9568, 31.1187__13.8614, 31.7468__13.6881, 33.2111__13.8328, 33.8514__13.8138, 34.9241__14.0534, 35.9680__13.8805, 36.4378__14.3255, 37.2946__14.3911, 38.8522__13.9758, 39.3433__14.2223, 40.9484__13.9019, 41.9856__14.0933, 42.7737__13.8922, 43.3538__13.9944, 45.0157__14.3065, 45.2536__13.8527, 47.0885__13.9413, 47.4016__13.8395, 48.4155__14.0099, 49.4829__14.1233, 50.5209__13.9732, 51.5705__14.4688, 52.8388__14.0493, 53.4471__13.9232, 55.0010__13.7984, 55.4271__13.7545, 56.6677__13.6140, 57.4801__13.6798, 58.6352__13.8503, 59.7329__13.8212, 60.9021__13.7314, 61.8852__13.8853, 63.2015__14.2706, 64.0000__14.2170, 
0.0000__11.9973, 0.6478__12.3447, 1.6726__12.3965, 2.7560__12.2591, 3.7678__12.7098, 5.2603__12.6860, 6.0264__12.5338, 7.3917__12.4970, 7.8843__12.4401, 8.7435__12.2832, 10.1548__12.9057, 10.6255__12.7193, 12.0318__12.2163, 13.0133__12.5481, 13.9148__12.6811, 14.7276__12.3157, 15.4150__12.3022, 16.9509__12.8049, 17.7127__12.8226, 19.1885__12.2592, 19.9270__12.7283, 20.7932__12.9232, 21.8713__12.6576, 22.9860__13.1387, 24.0367__12.6091, 24.8161__12.6589, 25.7906__12.6298, 26.9155__12.9157, 28.0210__12.4751, 28.8799__12.6798, 29.7348__13.0796, 31.2331__12.7661, 31.6962__12.7977, 33.1548__12.7427, 33.7680__12.9258, 35.0013__12.6910, 35.6915__13.1987, 36.4181__13.0246, 37.3500__12.7517, 38.7188__13.3691, 39.6208__12.9133, 40.7507__12.9989, 42.0156__12.9395, 42.6538__13.3129, 43.4795__13.2500, 44.4530__12.8970, 45.7394__13.4499, 46.7482__13.1269, 47.6202__13.4834, 48.6224__12.9226, 49.6451__12.8562, 50.1191__13.2186, 51.7834__12.9389, 52.9137__13.2933, 53.8239__12.9383, 54.5561__12.9663, 55.7539__13.0010, 56.5042__12.8705, 57.2918__13.1292, 58.6828__13.1275, 59.6986__13.1397, 61.0348__13.0879, 61.8072__12.8764, 62.8819__12.9114, 64.0000__13.3267, 
0.0000__11.7045, 0.7148__11.3827, 1.6653__11.4755, 2.7053__11.7335, 3.7152__11.5011, 5.1817__11.6459, 6.3276__11.4500, 7.2713__11.3206, 7.6858__11.6171, 9.1061__11.5529, 9.4645__11.3018, 11.2477__11.7363, 12.1101__11.5858, 12.7332__11.5552, 13.9550__11.6441, 14.9329__11.6051, 15.2446__11.6046, 16.9474__11.7983, 18.0446__11.2222, 18.6901__11.5179, 19.5544__11.9112, 21.0235__11.5223, 21.7932__11.5700, 22.7794__11.3441, 24.0651__12.0876, 24.8168__11.9931, 26.0671__11.8225, 26.8196__11.2338, 27.8540__11.5508, 28.3737__12.0876, 30.2688__11.6582, 30.9638__11.7216, 31.8269__11.7853, 32.8220__12.0906, 34.1342__11.8396, 34.7798__11.8578, 35.5029__11.7730, 36.7275__12.1759, 37.3089__12.2147, 38.7324__11.8222, 39.8808__12.1183, 40.7974__11.7803, 41.5610__12.3125, 42.6387__12.3924, 43.5760__12.3108, 44.5538__12.4188, 45.7732__11.5668, 46.6195__11.9539, 47.4914__11.7021, 48.8755__12.2611, 49.3848__12.4150, 50.5655__12.0316, 51.6878__11.8614, 52.6045__11.8911, 54.0716__12.3473, 54.7407__11.8729, 55.5011__11.8826, 56.6614__12.1748, 57.3850__11.8341, 58.5873__11.9132, 59.7305__11.9068, 60.8715__12.1986, 62.1792__12.1452, 62.4910__12.0594, 64.0000__12.1744, 
0.0000__10.2182, 0.5977__10.8050, 1.8861__10.6654, 2.5889__10.3342, 3.8387__10.6368, 5.0895__10.4641, 6.5070__10.4033, 6.9083__10.5408, 8.0883__10.2580, 8.5843__10.3638, 10.0677__10.5902, 10.6609__10.1842, 12.1042__10.5873, 12.7891__10.5378, 14.0214__10.3065, 14.6164__10.5088, 15.7508__10.5842, 16.6850__10.3131, 18.0750__10.9192, 18.8107__10.4804, 19.8682__10.3095, 20.5397__10.8693, 22.1845__10.7559, 22.4980__10.8001, 23.8358__10.7952, 25.1400__10.8257, 26.0380__10.7055, 26.8867__10.8910, 27.4304__10.8259, 29.1078__10.3269, 29.5414__10.6235, 31.2100__10.8194, 31.5881__10.7204, 33.0390__10.5730, 34.0965__10.7505, 34.7240__10.8072, 35.5197__10.8690, 36.2003__10.9191, 37.6369__10.9049, 38.5365__11.1082, 39.9138__10.9674, 40.6321__11.4078, 41.5174__11.1219, 42.8512__11.2698, 43.8598__11.0150, 44.7332__10.8025, 46.0608__11.0939, 46.5744__10.7077, 47.2186__10.9333, 48.5006__10.9958, 49.6444__10.5467, 50.3731__10.8849, 51.8004__11.1623, 52.8160__10.8142, 53.6054__10.7132, 55.0828__11.2131, 55.5256__10.8130, 56.7971__10.6589, 57.1118__11.0374, 58.9890__10.9130, 59.7121__10.5702, 60.5658__10.5858, 62.0206__11.3254, 62.9275__11.1888, 64.0000__10.7381, 
0.0000__9.9717, 0.6308__9.3572, 1.7001__9.4449, 2.7466__9.8623, 3.7171__9.5418, 5.1387__9.7533, 6.3813__9.9709, 7.2206__9.4811, 7.9820__9.6301, 8.6842__9.5992, 9.8959__9.4715, 10.7675__9.9266, 11.9120__9.5041, 12.9398__9.5401, 14.0368__9.5352, 14.4027__9.4792, 15.8863__9.5596, 16.5374__9.8358, 18.0311__9.2414, 18.9739__9.1469, 19.5594__9.5294, 20.8507__9.1551, 21.3523__9.4882, 22.9267__9.7842, 23.7886__9.3565, 24.7828__9.6980, 26.1274__9.8985, 26.5823__9.8050, 28.2543__9.6090, 28.6663__10.0298, 29.8582__9.8807, 30.7705__9.4633, 31.6636__9.7977, 32.7401__9.9487, 33.8585__10.2979, 34.8752__10.2139, 35.3297__10.1730, 36.5140__10.1791, 37.4041__10.1286, 38.7508__9.9275, 39.6876__10.0669, 40.4252__10.1181, 41.9444__10.4404, 42.7470__9.9929, 44.2046__10.2157, 44.7533__10.1088, 46.0105__9.8550, 46.5985__10.4505, 47.3340__9.9706, 48.5842__9.6309, 49.4167__10.0512, 50.5549__9.7394, 51.4366__9.4685, 52.7392__10.1757, 53.6627__10.1978, 54.6671__10.1043, 55.9559__10.2449, 56.3544__10.3977, 57.6539__9.9765, 58.6246__9.7406, 59.9044__10.1255, 60.3629__10.0095, 61.7750__9.7678, 62.9027__10.0342, 64.0000__10.5030, 
0.0000__8.7020, 1.0994__8.9870, 1.6102__8.5399, 2.6679__8.3439, 3.7510__8.8383, 5.1325__8.4972, 6.2237__8.3456, 7.4016__8.5607, 7.6995__8.6672, 9.0378__8.9241, 9.7469__8.8506, 10.6895__8.6383, 12.1874__8.9965, 12.9526__8.6577, 14.0924__8.6210, 14.6506__8.4401, 15.3628__8.5009, 16.4671__8.8049, 18.4330__8.6570, 18.7430__8.6104, 19.8403__8.4049, 20.7104__8.8561, 21.5653__8.6043, 22.7297__8.3409, 23.9955__8.6148, 24.6101__8.3199, 25.6485__8.7809, 27.0684__8.8233, 27.7622__9.1067, 28.6145__9.1825, 30.0790__9.1390, 30.8395__9.2701, 31.4640__9.0162, 32.6729__9.1717, 33.9642__8.8222, 34.7797__9.0299, 35.4464__9.0894, 36.4914__8.9603, 37.5268__8.9370, 38.7746__9.0231, 39.6232__8.9518, 40.5267__8.9791, 41.5773__8.8965, 43.0140__9.2360, 43.8594__9.1163, 45.1473__8.9486, 45.5623__9.1783, 46.5437__9.0762, 47.8475__9.4603, 48.7540__9.2871, 49.2429__8.9249, 50.9022__9.1475, 51.4858__8.9735, 52.2361__8.8110, 53.8148__9.1683, 54.5152__9.3406, 56.0254__9.2638, 56.3243__9.0890, 57.9969__9.4822, 58.7201__9.2767, 59.7970__9.4366, 60.7736__9.3358, 61.5548__9.1749, 62.5437__9.4328, 64.0000__9.0181, 
0.0000__7.6760, 0.8455__7.6238, 2.1469__7.9571, 2.6630__7.7541, 4.1460__7.2074, 4.9935__7.3115, 6.0762__7.5821, 6.9443__7.9066, 8.0434__7.8806, 8.6525__7.5684, 10.0395__7.9455, 10.6225__7.9540, 12.1645__7.7007, 13.1811__7.7943, 13.8852__7.8381, 14.8742__7.8600, 15.2179__7.6828, 16.8961__7.5632, 17.8707__8.0176, 19.2346__7.8876, 19.6003__7.7910, 20.9542__7.3977, 21.8717__7.3320, 22.6447__7.3195, 23.7151__7.4224, 24.7955__7.7958, 25.4951__7.3915, 26.4699__7.8658, 27.8404__8.0797, 28.5491__7.9824, 30.0470__8.2079, 30.7733__8.2262, 31.5188__8.4781, 33.0260__7.8625, 33.5261__8.2596, 34.7780__8.5190, 35.6423__8.0923, 36.4801__7.9335, 37.6085__7.8437, 38.6031__7.8106, 39.6632__8.0253, 40.4347__8.0295, 41.6861__8.0245, 42.4714__8.0563, 44.2592__8.1070, 44.9063__8.1603, 45.4604__8.1214, 46.7135__8.2436, 47.6813__7.8763, 48.9299__8.3677, 49.7037__8.1653, 50.5987__7.8330, 51.5914__8.1881, 52.3330__8.1915, 53.5039__8.0720, 54.9814__7.7900, 55.6861__8.0324, 56.6039__8.4072, 57.6862__7.9970, 58.6121__8.1554, 59.6581__8.2885, 60.9523__8.2535, 61.5116__8.2675, 62.9263__7.9014, 64.0000__7.9337, 
0.0000__6.4331, 0.6659__6.6134, 1.7808__6.8212, 3.3087__6.6002, 4.0868__6.6061, 4.9438__6.6108, 5.8037__6.6582, 6.8089__6.7701, 8.2200__6.8324, 8.6825__6.8901, 9.5603__6.9382, 11.0954__6.8081, 11.8945__6.8834, 13.1886__7.0078, 14.0474__6.7984, 14.6325__7.0379, 16.0309__6.9534, 16.6084__6.5660, 18.0334__6.3920, 18.9513__6.7145, 19.9777__6.6188, 20.9512__6.6044, 21.8715__6.7642, 22.7300__6.6327, 23.4174__6.6803, 24.6503__6.8513, 25.7380__7.1271, 26.2724__6.6994, 28.0313__7.2701, 28.5987__7.2629, 29.9875__7.0937, 30.5967__7.4397, 32.0132__6.4824, 32.4351__7.0818, 33.5599__7.2865, 34.6318__6.9613, 36.0180__7.1928, 36.6878__6.8450, 37.6298__6.7191, 38.3961__6.7830, 39.3609__7.0292, 40.6677__7.1199, 41.5127__7.0558, 42.7690__7.0193, 43.9660__7.0197, 45.0037__7.2395, 45.5857__7.0683, 46.8416__6.6630, 47.6787__6.7924, 48.4870__6.7592, 49.9024__6.8621, 50.5723__6.9631, 51.2337__6.9266, 52.5884__7.1088, 53.9095__6.6150, 54.3413__6.9451, 55.6647__7.3157, 56.3546__6.9596, 57.8818__7.4630, 58.6285__7.0388, 59.7108__6.8080, 60.6912__7.0039, 61.9002__6.6458, 62.8285__6.6927, 64.0000__6.7348, 
0.0000__5.8763, 0.8440__5.5681, 1.9276__5.2976, 2.9786__5.5808, 3.9199__5.9980, 5.1627__5.8319, 5.5966__5.8240, 7.0633__5.7311, 7.7656__5.8977, 8.8663__6.0538, 9.7460__5.5756, 10.7495__5.8069, 11.8421__6.1028, 13.3147__5.7911, 13.7744__6.0584, 15.1697__5.5750, 15.8735__5.5933, 17.1307__5.4152, 17.8065__5.4460, 18.8452__5.4282, 19.5871__5.5105, 21.0231__5.7097, 21.5950__5.8259, 22.8893__6.0407, 23.3943__5.8351, 24.6095__5.8096, 25.5965__5.7170, 26.5503__6.1714, 27.5236__5.9038, 28.9409__6.0200, 29.8342__5.8737, 31.0743__5.6636, 31.8646__6.1882, 32.4487__5.8628, 33.6592__5.7559, 34.5365__5.9976, 35.9981__5.9303, 36.8075__6.1689, 37.6416__6.1490, 38.3360__6.1103, 39.2707__5.9965, 40.7171__5.9584, 41.7438__5.7342, 42.7504__5.5359, 43.6837__5.7464, 44.8450__5.8916, 45.8570__6.0823, 47.0798__5.9476, 47.4715__5.8853, 48.4633__6.1604, 49.7055__6.1895, 50.5981__6.1888, 51.2720__6.1358, 52.8284__5.6092, 53.3789__6.1904, 54.6137__6.0153, 55.5335__5.8985, 56.6575__6.0407, 57.4638__5.6037, 58.9105__6.3120, 59.8293__6.2453, 60.9810__5.8602, 62.2072__5.5775, 62.6744__5.4772, 64.0000__5.6758, 
0.0000__4.3659, 0.8800__4.5333, 1.8209__4.8276, 2.9288__4.7108, 3.8873__4.4076, 4.9996__4.6809, 5.6110__4.8331, 7.1276__4.6904, 7.5181__4.7417, 9.0376__5.0542, 10.0602__5.0047, 10.5299__4.7638, 11.7363__4.9196, 13.4057__5.2587, 13.9560__4.5718, 14.8316__4.7850, 15.8251__5.1944, 17.1742__4.9125, 17.7281__4.8014, 18.9555__4.6159, 19.4715__4.4935, 20.4836__4.6025, 21.6492__4.9905, 22.7471__4.7320, 23.7059__4.7124, 24.3142__4.9520, 25.5711__5.2928, 26.4901__4.7781, 27.8606__4.8399, 28.7752__4.5001, 29.6210__4.6796, 30.9279__5.1998, 31.8373__4.8729, 32.5662__5.1898, 33.3626__5.3782, 34.9429__4.9501, 35.4573__4.9940, 36.9888__5.0524, 37.4848__5.0730, 38.3413__5.3440, 39.5891__5.1993, 40.6462__4.9650, 41.9285__4.9869, 42.6152__5.0517, 43.5319__5.1682, 45.0457__4.9379, 45.8443__4.5306, 46.9908__4.7254, 47.4228__4.9302, 48.3535__4.7827, 49.5342__5.0261, 50.5845__5.3567, 51.7147__5.0275, 52.6881__5.2816, 53.4239__4.8188, 54.4986__4.9061, 55.2677__5.5043, 56.8710__5.0498, 57.4194__5.1575, 58.4252__4.9915, 60.1430__5.3331, 61.4671__4.9246, 62.0811__4.8890, 62.8633__5.0493, 64.0000__4.6076, 
0.0000__4.1011, 0.9939__3.7833, 1.6677__3.4923, 3.1084__3.7453, 3.8301__3.9405, 5.1009__3.6812, 5.5817__3.5193, 6.9393__3.9117, 7.7292__3.8646, 8.6235__3.7017, 10.0291__4.1023, 10.6829__4.3642, 12.1421__3.6531, 12.6782__3.5424, 14.3495__4.2230, 14.5696__3.8295, 16.1487__3.8082, 16.7964__4.2247, 18.3463__4.0465, 18.6818__3.9988, 19.8571__4.1291, 20.3760__3.7489, 21.7694__3.6419, 22.7003__3.9149, 23.3167__3.9774, 24.1997__4.3147, 25.5809__3.7183, 26.9331__3.9463, 27.7742__3.6073, 28.7749__3.9883, 29.5700__3.8395, 30.5714__3.7691, 31.8567__4.6030, 32.4555__4.3822, 33.5977__4.0120, 35.0434__4.2212, 35.5538__4.0614, 36.7504__4.3283, 37.6323__4.4281, 38.2289__4.0742, 39.7500__4.2315, 40.8116__4.1888, 41.7849__4.2612, 42.6993__4.3091, 43.9641__3.6724, 44.5975__3.6917, 46.0425__4.0192, 46.3449__4.2003, 47.6558__4.3415, 48.3207__4.1555, 49.7184__3.8543, 50.3926__3.6586, 51.7326__4.1196, 52.5659__3.9465, 53.7220__4.2358, 54.0042__4.2624, 55.7201__3.9364, 56.5130__4.3711, 57.5634__4.4972, 58.6081__4.3417, 59.9696__3.9674, 61.6269__4.2775, 62.0188__4.1038, 63.0688__3.8535, 64.0000__4.0468, 
0.0000__2.5510, 1.2914__2.5965, 1.5998__2.6641, 2.8744__2.8542, 4.0002__2.6585, 5.0453__3.0155, 5.8591__2.9683, 6.8412__2.3830, 7.3816__2.7039, 8.7023__3.0742, 9.5622__2.9372, 11.1781__2.5622, 12.1819__3.1177, 13.1167__2.7902, 13.7231__2.3249, 15.1134__2.8545, 15.5308__2.8553, 17.1388__2.8354, 18.1170__2.9690, 18.6206__3.2944, 19.9188__3.1471, 20.8625__3.3005, 21.8801__2.9844, 22.6301__3.0484, 23.4395__3.0447, 24.5525__2.5486, 25.5567__2.6980, 26.7932__2.4784, 27.7153__2.9261, 28.7076__2.6864, 29.4844__2.9429, 30.4399__3.1865, 31.5236__2.8570, 32.9726__3.1899, 33.7135__2.9528, 34.9441__2.8495, 35.6039__3.1070, 36.6295__2.9523, 37.6677__3.0751, 38.3438__3.2681, 39.6575__3.0771, 40.6603__3.2250, 41.8518__3.2588, 42.9354__2.9483, 44.1634__3.1891, 44.8741__2.7365, 45.4194__2.8559, 46.5182__3.2506, 47.5140__3.0553, 48.6732__3.0104, 49.7758__2.9562, 50.3442__3.0857, 51.4200__3.0237, 52.9383__3.0317, 53.2561__2.9393, 54.5142__3.0902, 55.5661__3.1048, 56.2642__3.1471, 57.6670__3.1861, 58.8101__3.0592, 60.1132__3.0112, 61.2143__3.0740, 62.4199__3.1709, 62.9733__3.1464, 64.0000__3.0620, 
0.0000__1.7106, 1.0781__1.9089, 1.7175__1.9275, 2.6649__1.7841, 4.2161__1.9790, 4.7710__1.7119, 6.0491__1.7139, 6.9217__1.9494, 7.4019__1.5698, 8.5582__1.5640, 9.9299__1.4709, 10.6603__1.9074, 12.0237__2.0806, 13.3866__1.9415, 14.0023__1.7761, 14.9891__1.4399, 15.7296__1.4589, 16.5360__1.7380, 17.8628__2.4197, 18.5856__2.3384, 19.9501__2.3836, 21.0779__1.8947, 22.0963__1.9386, 22.3892__1.8760, 23.8571__1.7573, 24.5503__1.9678, 25.9679__1.3600, 26.4920__1.3219, 27.5646__1.2678, 28.6622__1.7288, 29.5012__1.4603, 30.4770__1.3762, 31.2706__1.8611, 32.7864__1.9883, 34.0479__1.9463, 34.5962__2.0777, 35.8283__1.8972, 36.3580__2.0505, 37.5846__2.2393, 38.1921__2.0342, 39.7372__2.3405, 40.8183__1.9546, 41.7141__1.9060, 43.1857__2.0952, 44.1932__1.6612, 44.6864__1.9625, 45.4188__2.0965, 46.7010__1.7466, 47.5453__1.6393, 48.6509__1.6397, 49.5529__2.0012, 50.4560__1.9461, 51.4116__1.9219, 52.9538__2.0801, 53.4689__2.0026, 54.2843__1.8016, 55.2912__2.2981, 56.5641__2.1974, 57.4105__2.0647, 58.9303__2.3411, 60.1503__2.2283, 61.4652__1.9599, 62.2803__1.8134, 62.8822__1.9912, 64.0000__2.1682, 
0.0000__1.1121, 0.9721__1.0271, 1.8438__1.0483, 2.7086__1.0476, 4.0311__1.1066, 5.2252__1.0747, 5.7399__0.8804, 7.0840__0.7430, 7.5909__0.7835, 8.4053__0.6818, 9.6267__0.9550, 10.3777__1.1711, 12.2995__1.0481, 13.3110__0.9735, 14.2786__0.7623, 14.9107__0.8901, 15.5503__1.0068, 16.2659__1.1672, 17.6329__0.9573, 18.7913__1.2611, 19.8343__1.1057, 21.4298__1.1569, 21.7157__1.2276, 22.9742__1.3170, 23.7770__1.0125, 24.9132__0.4111, 25.7478__0.9134, 26.6678__0.8654, 27.3309__0.7052, 28.2568__0.7898, 29.6607__0.7586, 30.0513__0.9686, 31.2240__1.0972, 32.8879__0.7261, 33.8218__0.9501, 34.6675__0.8976, 35.6900__0.8773, 36.1161__1.1550, 37.7038__1.4708, 38.3182__1.4985, 39.9361__0.8645, 40.8903__0.9883, 42.0153__0.6840, 42.8655__0.5968, 44.2751__1.2625, 44.7205__0.7144, 45.9359__0.5068, 46.4409__0.6093, 47.6191__0.5343, 48.1525__0.8284, 49.5592__0.8710, 50.4076__0.9754, 51.5842__0.8565, 52.6040__0.8905, 53.6412__1.0267, 54.0844__1.1378, 55.2068__0.9629, 56.6506__1.1715, 57.3611__1.3311, 58.9223__1.0269, 60.3070__1.0041, 61.5782__0.9894, 62.1148__1.1895, 62.7720__1.2539, 64.0000__1.1267, 
0.0000__0.0000, 1.0825__0.0000, 1.7176__0.0000, 2.8225__0.0000, 3.8735__0.0000, 5.3254__0.0000, 5.8478__0.0000, 7.0897__0.0000, 7.4863__0.0000, 8.5331__0.0000, 9.1137__0.0000, 11.0553__0.0000, 11.7574__0.0000, 13.8077__0.0000, 14.0719__0.0000, 14.9812__0.0000, 15.3053__0.0000, 16.6380__0.0000, 17.4959__0.0000, 18.6707__0.0000, 20.0739__0.0000, 21.2263__0.0000, 21.7602__0.0000, 22.6726__0.0000, 24.4899__0.0000, 24.8795__0.0000, 25.3711__0.0000, 26.9562__0.0000, 27.2146__0.0000, 28.5643__0.0000, 29.3630__0.0000, 30.0471__0.0000, 31.3363__0.0000, 33.0399__0.0000, 33.4187__0.0000, 35.0698__0.0000, 35.3357__0.0000, 36.3088__0.0000, 37.2104__0.0000, 38.7766__0.0000, 40.0968__0.0000, 40.5881__0.0000, 42.3841__0.0000, 42.5869__0.0000, 44.1764__0.0000, 45.4182__0.0000, 45.6291__0.0000, 46.6386__0.0000, 47.3157__0.0000, 48.1691__0.0000, 49.4394__0.0000, 50.4059__0.0000, 51.6383__0.0000, 52.4793__0.0000, 53.5803__0.0000, 53.9168__0.0000, 55.5436__0.0000, 56.1179__0.0000, 57.7867__0.0000, 58.8446__0.0000, 60.4292__0.0000, 61.4695__0.0000, 61.9646__0.0000, 62.8850__0.0000, 64.0000__0.0000